candidate_id,selector_id,scorer,selection_mode,selection_amount,consensus_threshold,classifier,balanced_accuracy,accuracy,macro_f1,log_loss,fold_balanced_accuracy_min,fold_balanced_accuracy_max,fold_balanced_accuracy_sd,selected_band_count_min,selected_band_count_median,selected_band_count_max,mean_pairwise_selection_jaccard,minimum_pairwise_selection_jaccard,delta_vs_full_spectrum_lda_pp,ensemble_with_full_lda_balanced_accuracy,ensemble_with_full_lda_macro_f1,ensemble_with_full_lda_log_loss,ensemble_fold_balanced_accuracy_min,ensemble_fold_balanced_accuracy_max,ensemble_delta_vs_full_spectrum_lda_pp,comparison_scope,promotion_eligible
ANOVA:fixed:8:LDA,ANOVA:fixed:8,ANOVA,fixed,8,,LDA,0.6123812806372549,0.6086956521739131,0.6069918109065036,1.0117045832861469,0.5759585084033614,0.6622949660633484,0.03416399130824296,8,8.0,8,0.9444444444444445,0.7777777777777778,-36.34344362745098,0.9709903492647058,0.970825909833418,0.37765222191548814,0.9609375,0.9921875,-0.4825367647058876,same_development_oof_exploratory,False
ANOVA:fixed:8:LR,ANOVA:fixed:8,ANOVA,fixed,8,,LR,0.6029347937091504,0.599802371541502,0.598868296050582,1.023298544565969,0.5703781512605042,0.6464679621848739,0.02906734197608876,8,8.0,8,0.9444444444444445,0.7777777777777778,-37.288092320261434,0.9719669117647058,0.9717895541724473,0.38265242607233846,0.9613970588235294,0.9921875,-0.3848805147058876,same_development_oof_exploratory,False
ANOVA:fixed:12:LDA,ANOVA:fixed:12,ANOVA,fixed,12,,LDA,0.6387739991830066,0.6353754940711462,0.6335245177416129,0.9130585338802705,0.5786199095022625,0.7077912895927602,0.04029158597629004,12,12.0,12,0.9175824175824177,0.8461538461538461,-33.70417177287581,0.9690372242647058,0.96890379499073,0.349527073568428,0.9535845588235294,0.9921875,-0.6778492647058876,same_development_oof_exploratory,False
ANOVA:fixed:12:LR,ANOVA:fixed:12,ANOVA,fixed,12,,LR,0.6232213371459695,0.6205533596837944,0.619255305750392,0.9599849967492153,0.5933560924369747,0.6547400210084033,0.0259515116865055,12,12.0,12,0.9175824175824177,0.8461538461538461,-35.25943797657952,0.9709903492647058,0.970825909833418,0.36232064127634955,0.9609375,0.9921875,-0.4825367647058876,same_development_oof_exploratory,False
ANOVA:fixed:16:LDA,ANOVA:fixed:16,ANOVA,fixed,16,,LDA,0.6834022671568627,0.6798418972332015,0.6774832128347775,0.8027550010703024,0.6245757918552036,0.7339507918552036,0.03611118111091318,16,16.0,16,0.8618113912231559,0.7777777777777778,-29.2413449754902,0.9689797794117647,0.9688926822838928,0.3285580546364433,0.9535845588235294,0.9921875,-0.68359375,same_development_oof_exploratory,False
ANOVA:fixed:16:LR,ANOVA:fixed:16,ANOVA,fixed,16,,LR,0.6759003948801743,0.6729249011857708,0.6721668032408661,0.8560254570495156,0.6172228506787331,0.732147907239819,0.04472856587907674,16,16.0,16,0.8618113912231559,0.7777777777777778,-29.991532203159043,0.9689797794117647,0.9688788294074631,0.3430375878577375,0.9535845588235294,0.9921875,-0.68359375,same_development_oof_exploratory,False
ANOVA:fixed:24:LDA,ANOVA:fixed:24,ANOVA,fixed,24,,LDA,0.7688163807189543,0.7658102766798419,0.7664607490658035,0.6296789864691218,0.7256787330316742,0.8111566742081449,0.030417922507450918,24,24.0,24,0.8132879818594105,0.6,-20.69993361928104,0.9670266544117647,0.9669506455871331,0.27648441770821547,0.9457720588235294,0.9770220588235294,-0.87890625,same_development_oof_exploratory,False
ANOVA:fixed:24:LR,ANOVA:fixed:24,ANOVA,fixed,24,,LR,0.7622017122821351,0.758893280632411,0.7606219395422994,0.678134847291657,0.7334912330316742,0.8350537330316742,0.03111564758301497,24,24.0,24,0.8132879818594105,0.6,-21.361400462962965,0.9719094669117647,0.9718526198668812,0.2941797164585469,0.9535845588235294,0.9921875,-0.390625,same_development_oof_exploratory,False
ANOVA:fixed:32:LDA,ANOVA:fixed:32,ANOVA,fixed,32,,LDA,0.767716418164488,0.7648221343873518,0.7653700784701525,0.5976245358224471,0.7341780462184874,0.8189691742081449,0.030856046793309853,32,32.0,32,0.8882825857615771,0.7777777777777778,-20.809929874727672,0.9689797794117647,0.9689379299373608,0.26500071126162245,0.9379595588235294,0.9921875,-0.68359375,same_development_oof_exploratory,False
ANOVA:fixed:32:LR,ANOVA:fixed:32,ANOVA,fixed,32,,LR,0.7650739549291938,0.7618577075098815,0.7632747314673899,0.6430236452110752,0.7419905462184874,0.8350537330316742,0.029966311358530187,32,32.0,32,0.8882825857615771,0.7777777777777778,-21.07417619825709,0.9728860294117647,0.9728196883354345,0.28223145655004656,0.9535845588235294,0.9921875,-0.29296875,same_development_oof_exploratory,False
ANOVA:fixed:48:LDA,ANOVA:fixed:48,ANOVA,fixed,48,,LDA,0.8113085511982571,0.8092885375494071,0.8096458067203385,0.5267186552938733,0.7624787895927602,0.8520220588235294,0.030026927579570293,48,48.0,48,0.9288458240439034,0.8823529411764706,-16.450716571350764,0.9670266544117647,0.9670141700259747,0.24120024208972154,0.9379595588235294,0.984375,-0.87890625,same_development_oof_exploratory,False
ANOVA:fixed:48:LR,ANOVA:fixed:48,ANOVA,fixed,48,,LR,0.8048832380174291,0.8023715415019763,0.8033319229813455,0.5773334038877147,0.7674632352941176,0.8814691742081449,0.0355445503899655,48,48.0,48,0.9288458240439034,0.8823529411764706,-17.09324788943356,0.9728860294117647,0.9728760429148903,0.2606468463048577,0.9535845588235294,0.9921875,-0.29296875,same_development_oof_exploratory,False
ANOVA:fixed:64:LDA,ANOVA:fixed:64,ANOVA,fixed,64,,LDA,0.8796849468954249,0.8784584980237155,0.8780048026966593,0.3484689902431678,0.859375,0.9145220588235294,0.017206344023058973,64,64.0,64,0.9650682650682653,0.9393939393939394,-9.613077001633986,0.9709903492647058,0.971120187481427,0.1844986530060625,0.9613970588235294,0.9774816176470589,-0.4825367647058876,same_development_oof_exploratory,False
ANOVA:fixed:64:LR,ANOVA:fixed:64,ANOVA,fixed,64,,LR,0.877091418164488,0.8754940711462451,0.8765823999235669,0.3892042605701343,0.8308823529411764,0.9067095588235294,0.02622913121806477,64,64.0,64,0.9650682650682653,0.9393939393939394,-9.872429874727672,0.9709329044117647,0.9708656836184717,0.19653939238197,0.9535845588235294,0.9848345588235294,-0.48828125,same_development_oof_exploratory,False
ANOVA:fixed:96:LDA,ANOVA:fixed:96,ANOVA,fixed,96,,LDA,0.9220962690631809,0.9209486166007905,0.9218248508501325,0.24682364884555846,0.890625,0.9379595588235294,0.01807999741755156,96,96.0,96,0.9538736656799552,0.8823529411764706,-5.371944784858385,0.9747817095588236,0.9749299311895776,0.1527287723246243,0.9613970588235294,0.9921875,-0.10340073529411242,same_development_oof_exploratory,False
ANOVA:fixed:96:LR,ANOVA:fixed:96,ANOVA,fixed,96,,LR,0.9158007386982571,0.9150197628458498,0.9156863500484971,0.2978626988912181,0.8904280462184874,0.9361566742081449,0.016560668946155772,96,96.0,96,0.9538736656799552,0.8823529411764706,-6.001497821350766,0.9726477396514162,0.972851323489679,0.16262371738159745,0.9535845588235294,0.9848345588235294,-0.31679772603485645,same_development_oof_exploratory,False
ANOVA:fixed:128:LDA,ANOVA:fixed:128,ANOVA,fixed,128,,LDA,0.9396829044117647,0.9387351778656127,0.9394002965486263,0.2113910509732348,0.9223345588235294,0.96875,0.014174668162674391,128,128.0,128,0.9559152071220455,0.924812030075188,-3.61328125,0.9738051470588236,0.973925869460001,0.14088313067165845,0.9535845588235294,0.9848345588235294,-0.20105698529411242,same_development_oof_exploratory,False
ANOVA:fixed:128:LR,ANOVA:fixed:128,ANOVA,fixed,128,,LR,0.9258131638071896,0.924901185770751,0.9256279432980913,0.2746506012533944,0.8982405462184874,0.9457720588235294,0.014696162693276013,128,128.0,128,0.9559152071220455,0.924812030075188,-5.000255310457513,0.9755774271514162,0.9756265394735346,0.15439492423379708,0.9613970588235294,0.9848345588235294,-0.023828976034856453,same_development_oof_exploratory,False
ANOVA:consensus:16:0.50:LDA,ANOVA:consensus:16:0.50,ANOVA,consensus,16,0.5,LDA,0.6832873774509804,0.6798418972332015,0.6779167948433735,0.8209519419385444,0.6469275210084033,0.7234162895927602,0.028596608389803924,15,15.0,16,0.8919526143790849,0.7777777777777778,-29.252833946078425,0.9680032169117647,0.9679278481154927,0.3336001279815566,0.9535845588235294,0.9921875,-0.78125,same_development_oof_exploratory,False
ANOVA:consensus:16:0.50:LR,ANOVA:consensus:16:0.50,ANOVA,consensus,16,0.5,LR,0.6688261676198257,0.66600790513834,0.664945680017974,0.8704281298418899,0.6239495798319328,0.724335407239819,0.03553457147810388,15,15.0,16,0.8919526143790849,0.7777777777777778,-30.6989549291939,0.9689797794117647,0.9688788294074631,0.3468478897067825,0.9609375,0.9921875,-0.68359375,same_development_oof_exploratory,False
ANOVA:consensus:16:0.67:LDA,ANOVA:consensus:16:0.67,ANOVA,consensus,16,0.67,LDA,0.6664390148420479,0.6630434782608695,0.660148170792718,0.843331399396701,0.5937853506787331,0.7234162895927602,0.04142000054372541,14,14.5,16,0.9202322595704949,0.7777777777777778,-30.937670206971678,0.9689797794117647,0.9688788294074631,0.34002650915830024,0.9535845588235294,0.9921875,-0.68359375,same_development_oof_exploratory,False
ANOVA:consensus:16:0.67:LR,ANOVA:consensus:16:0.67,ANOVA,consensus,16,0.67,LR,0.6539309300108933,0.6511857707509882,0.6496985775858698,0.8935826969683205,0.5937853506787331,0.7033876050420168,0.03394906582568483,14,14.5,16,0.9202322595704949,0.7777777777777778,-32.18847869008714,0.9699563419117647,0.9698424922422788,0.35430680134246567,0.9609375,0.9921875,-0.5859375,same_development_oof_exploratory,False
ANOVA:consensus:16:0.80:LDA,ANOVA:consensus:16:0.80,ANOVA,consensus,16,0.8,LDA,0.6664390148420479,0.6630434782608695,0.660148170792718,0.843331399396701,0.5937853506787331,0.7234162895927602,0.04142000054372541,14,14.5,16,0.9202322595704949,0.7777777777777778,-30.937670206971678,0.9689797794117647,0.9688788294074631,0.34002650915830024,0.9535845588235294,0.9921875,-0.68359375,same_development_oof_exploratory,False
ANOVA:consensus:16:0.80:LR,ANOVA:consensus:16:0.80,ANOVA,consensus,16,0.8,LR,0.6539309300108933,0.6511857707509882,0.6496985775858698,0.8935826969683205,0.5937853506787331,0.7033876050420168,0.03394906582568483,14,14.5,16,0.9202322595704949,0.7777777777777778,-32.18847869008714,0.9699563419117647,0.9698424922422788,0.35430680134246567,0.9609375,0.9921875,-0.5859375,same_development_oof_exploratory,False
ANOVA:consensus:16:1.00:LDA,ANOVA:consensus:16:1.00,ANOVA,consensus,16,1.0,LDA,0.6654624523420479,0.6620553359683794,0.6590827836757371,0.8616651495700284,0.6015978506787331,0.7156037895927602,0.037403939578855676,14,14.0,16,0.96875,0.875,-31.035326456971678,0.9699563419117647,0.9698424922422788,0.3455034952734215,0.9535845588235294,0.9921875,-0.5859375,same_development_oof_exploratory,False
ANOVA:consensus:16:1.00:LR,ANOVA:consensus:16:1.00,ANOVA,consensus,16,1.0,LR,0.6481289998638344,0.6452569169960475,0.6440937899719107,0.9085600270539296,0.5786199095022625,0.7033876050420168,0.03701836063447658,14,14.0,16,0.96875,0.875,-32.76867170479303,0.9699563419117647,0.9698424922422788,0.3584780946929165,0.9609375,0.9921875,-0.5859375,same_development_oof_exploratory,False
ANOVA:consensus:24:0.50:LDA,ANOVA:consensus:24:0.50,ANOVA,consensus,24,0.5,LDA,0.7678398182189543,0.7648221343873518,0.7655090495444659,0.6345497075229333,0.7256787330316742,0.8111566742081449,0.030947936992103634,23,24.0,24,0.8096423408738681,0.6206896551724138,-20.79758986928104,0.9670266544117647,0.9669506455871331,0.27788251261318364,0.9457720588235294,0.9770220588235294,-0.87890625,same_development_oof_exploratory,False
ANOVA:consensus:24:0.50:LR,ANOVA:consensus:24:0.50,ANOVA,consensus,24,0.5,LR,0.7590911798747277,0.7559288537549407,0.7577252239116137,0.6826190250737013,0.7334912330316742,0.8350537330316742,0.03182821613439779,23,24.0,24,0.8096423408738681,0.6206896551724138,-21.6724537037037,0.9709329044117647,0.9708917487325743,0.2953858346499053,0.9535845588235294,0.9921875,-0.48828125,same_development_oof_exploratory,False
ANOVA:consensus:24:0.67:LDA,ANOVA:consensus:24:0.67,ANOVA,consensus,24,0.67,LDA,0.7619229983660131,0.758893280632411,0.7586329710710363,0.6473168158827424,0.7334912330316742,0.8033441742081449,0.02615666020986481,21,22.0,23,0.7756353469396948,0.6296296296296297,-21.389271854575163,0.9670266544117647,0.9669506455871331,0.282388912148559,0.9457720588235294,0.9770220588235294,-0.87890625,same_development_oof_exploratory,False
ANOVA:consensus:24:0.67:LR,ANOVA:consensus:24:0.67,ANOVA,consensus,24,0.67,LR,0.7492681100217865,0.7460474308300395,0.7469115656795704,0.6960626044047159,0.7272846638655462,0.7881787330316742,0.018564427265122745,21,22.0,23,0.7756353469396948,0.6296296296296297,-22.654760688997822,0.9709329044117647,0.9708917487325743,0.3000677300991692,0.9535845588235294,0.9921875,-0.48828125,same_development_oof_exploratory,False
ANOVA:consensus:24:0.80:LDA,ANOVA:consensus:24:0.80,ANOVA,consensus,24,0.8,LDA,0.7357281454248366,0.7322134387351779,0.7301143504161589,0.7011667923505129,0.6580882352941176,0.7817095588235294,0.043640661609812274,18,19.0,22,0.7785975561433228,0.6,-24.008757148692816,0.9680032169117647,0.9680184061310899,0.2990636515977248,0.9457720588235294,0.984375,-0.78125,same_development_oof_exploratory,False
ANOVA:consensus:24:0.80:LR,ANOVA:consensus:24:0.80,ANOVA,consensus,24,0.8,LR,0.7278496902233116,0.724308300395257,0.7234761052849474,0.7457091262339985,0.6580882352941176,0.7582720588235294,0.03319674060900007,18,19.0,22,0.7785975561433228,0.6,-24.796602668845313,0.9709329044117647,0.9708917487325743,0.31471158727589704,0.9535845588235294,0.9921875,-0.48828125,same_development_oof_exploratory,False
ANOVA:consensus:24:1.00:LDA,ANOVA:consensus:24:1.00,ANOVA,consensus,24,1.0,LDA,0.7186989379084967,0.7154150197628458,0.7126722596941206,0.7379087498687235,0.6659007352941176,0.7642816742081449,0.033498215957304206,16,18.0,21,0.7896990617896142,0.6521739130434783,-25.7116779003268,0.9680032169117647,0.9680184061310899,0.3095655824682742,0.9535845588235294,0.984375,-0.78125,same_development_oof_exploratory,False
ANOVA:consensus:24:1.00:LR,ANOVA:consensus:24:1.00,ANOVA,consensus,24,1.0,LR,0.7156458503540305,0.7124505928853755,0.7115160312578941,0.7828904544510876,0.6659007352941176,0.7390412895927602,0.025191840335899645,16,18.0,21,0.7896990617896142,0.6521739130434783,-26.016986655773422,0.9709329044117647,0.9708823088965529,0.3225808739810115,0.9535845588235294,0.9921875,-0.48828125,same_development_oof_exploratory,False
ANOVA:consensus:32:0.50:LDA,ANOVA:consensus:32:0.50,ANOVA,consensus,32,0.5,LDA,0.771622668164488,0.7687747035573123,0.7693660277101095,0.5965584975770535,0.7498030462184874,0.8189691742081449,0.027870359408291842,31,32.0,33,0.8943566820667661,0.75,-20.419304874727672,0.9680032169117647,0.9679733045620235,0.264556822153963,0.9379595588235294,0.984375,-0.78125,same_development_oof_exploratory,False
ANOVA:consensus:32:0.50:LR,ANOVA:consensus:32:0.50,ANOVA,consensus,32,0.5,LR,0.7660505174291938,0.7628458498023716,0.7643095157759541,0.6424904525046747,0.7419905462184874,0.8350537330316742,0.03014805166548615,31,32.0,33,0.8943566820667661,0.75,-20.97651994825709,0.9738625919117647,0.9738328655973252,0.2821179313447087,0.9535845588235294,0.9921875,-0.1953125,same_development_oof_exploratory,False
ANOVA:consensus:32:0.67:LDA,ANOVA:consensus:32:0.67,ANOVA,consensus,32,0.67,LDA,0.7756523182189543,0.7727272727272727,0.7729600149144829,0.6004327151053754,0.7498030462184874,0.8207720588235294,0.02845679052570917,29,30.5,32,0.8774937284297885,0.7647058823529411,-20.01633986928104,0.9670266544117647,0.9670069085922524,0.2657892740455006,0.9379595588235294,0.984375,-0.87890625,same_development_oof_exploratory,False
ANOVA:consensus:32:0.67:LR,ANOVA:consensus:32:0.67,ANOVA,consensus,32,0.67,LR,0.7708758850762527,0.7677865612648221,0.7693210732494586,0.6472325806809586,0.7440257352941176,0.8350537330316742,0.028848325796135183,29,30.5,32,0.8774937284297885,0.7647058823529411,-20.4939831835512,0.9738625919117647,0.9738328655973252,0.28391607843390504,0.9535845588235294,0.9921875,-0.1953125,same_development_oof_exploratory,False
ANOVA:consensus:32:0.80:LDA,ANOVA:consensus:32:0.80,ANOVA,consensus,32,0.8,LDA,0.7785245608660131,0.775691699604743,0.7760632005288457,0.605299633948274,0.7435661764705882,0.8345941742081449,0.03244290934513563,28,29.5,30,0.8757388237553085,0.7647058823529411,-19.729115604575163,0.9660500919117647,0.9660376075259747,0.2675452244543656,0.9379595588235294,0.984375,-0.9765625,same_development_oof_exploratory,False
ANOVA:consensus:32:0.80:LR,ANOVA:consensus:32:0.80,ANOVA,consensus,32,0.8,LR,0.7670270799291938,0.7638339920948617,0.7656161714989691,0.6543884823417475,0.7435661764705882,0.8350537330316742,0.029335285396253418,28,29.5,30,0.8757388237553085,0.7647058823529411,-20.87886369825709,0.9719094669117647,0.9719086416125238,0.2860743208154066,0.9535845588235294,0.9921875,-0.390625,same_development_oof_exploratory,False
ANOVA:consensus:32:1.00:LDA,ANOVA:consensus:32:1.00,ANOVA,consensus,32,1.0,LDA,0.7687589358660131,0.7658102766798419,0.7659505780056656,0.6192466187559367,0.7334912330316742,0.8207720588235294,0.03396254003620801,25,27.0,28,0.829903911879917,0.7096774193548387,-20.705678104575163,0.9660500919117647,0.9660522757169713,0.2721286238894812,0.9457720588235294,0.9770220588235294,-0.9765625,same_development_oof_exploratory,False
ANOVA:consensus:32:1.00:LR,ANOVA:consensus:32:1.00,ANOVA,consensus,32,1.0,LR,0.7640399475762527,0.7608695652173914,0.7624716622426195,0.6701034221509528,0.7350971638655462,0.8350537330316742,0.03055264485928487,25,27.0,28,0.829903911879917,0.7096774193548387,-21.1775769335512,0.9709329044117647,0.9709473100560607,0.29122538277042165,0.9535845588235294,0.9921875,-0.48828125,same_development_oof_exploratory,False
ANOVA:consensus:48:0.50:LDA,ANOVA:consensus:48:0.50,ANOVA,consensus,48,0.5,LDA,0.8103319886982571,0.808300395256917,0.8085885509305906,0.5277902048526926,0.7702912895927602,0.8520220588235294,0.029376193319446922,47,48.0,49,0.9364144579664749,0.8490566037735849,-16.548372821350764,0.9670266544117647,0.9670141700259747,0.24143048521348395,0.9379595588235294,0.984375,-0.87890625,same_development_oof_exploratory,False
ANOVA:consensus:48:0.50:LR,ANOVA:consensus:48:0.50,ANOVA,consensus,48,0.5,LR,0.8087894880174291,0.8063241106719368,0.8071890748413422,0.5784798214952803,0.7752757352941176,0.8814691742081449,0.03361621137171432,47,48.0,49,0.9364144579664749,0.8490566037735849,-16.70262288943356,0.9738625919117647,0.9738328655973252,0.26090111356035356,0.9535845588235294,0.9921875,-0.1953125,same_development_oof_exploratory,False
ANOVA:consensus:48:0.67:LDA,ANOVA:consensus:48:0.67,ANOVA,consensus,48,0.67,LDA,0.8074023011982571,0.8053359683794467,0.8057350191491099,0.5388027838314867,0.7781037895927602,0.8520220588235294,0.024132044309611786,45,46.0,48,0.9481680041515748,0.8979591836734694,-16.841341571350764,0.9680032169117647,0.9679733045620235,0.24502277375690773,0.9379595588235294,0.984375,-0.78125,same_development_oof_exploratory,False
ANOVA:consensus:48:0.67:LR,ANOVA:consensus:48:0.67,ANOVA,consensus,48,0.67,LR,0.7980473005174291,0.7954545454545454,0.7963182716500319,0.5905646287760568,0.7674632352941176,0.8658441742081449,0.03179504693403763,45,46.0,48,0.9481680041515748,0.8979591836734694,-17.77684163943356,0.9738625919117647,0.9738328655973252,0.2646480055195928,0.9535845588235294,0.9921875,-0.1953125,same_development_oof_exploratory,False
ANOVA:consensus:48:0.80:LDA,ANOVA:consensus:48:0.80,ANOVA,consensus,48,0.8,LDA,0.8054491761982571,0.8033596837944664,0.803755581237561,0.5450611714118578,0.7781037895927602,0.8363970588235294,0.019030518282824815,44,45.5,46,0.9476910208711475,0.8775510204081632,-17.036654071350764,0.9680032169117647,0.9679733045620235,0.2473687637211088,0.9379595588235294,0.984375,-0.78125,same_development_oof_exploratory,False
ANOVA:consensus:48:0.80:LR,ANOVA:consensus:48:0.80,ANOVA,consensus,48,0.8,LR,0.7941410505174291,0.791501976284585,0.792408162190392,0.5969058033091298,0.7674632352941176,0.8658441742081449,0.03186879385161739,44,45.5,46,0.9476910208711475,0.8775510204081632,-18.16746663943356,0.9738625919117647,0.9738328655973252,0.2667761960472256,0.9535845588235294,0.9921875,-0.1953125,same_development_oof_exploratory,False
ANOVA:consensus:48:1.00:LDA,ANOVA:consensus:48:1.00,ANOVA,consensus,48,1.0,LDA,0.8054491761982571,0.8033596837944664,0.8038332248179866,0.5459227547542316,0.7781037895927602,0.8363970588235294,0.019379756091547556,44,44.0,45,0.9304710787336828,0.8541666666666666,-17.036654071350764,0.9660500919117647,0.9660386544540889,0.24778454137156314,0.9379595588235294,0.984375,-0.9765625,same_development_oof_exploratory,False
ANOVA:consensus:48:1.00:LR,ANOVA:consensus:48:1.00,ANOVA,consensus,48,1.0,LR,0.7951750578703703,0.7924901185770751,0.7935657296496503,0.5987699169850736,0.7601102941176471,0.8658441742081449,0.03301743566645827,44,44.0,45,0.9304710787336828,0.8541666666666666,-18.064065904139436,0.9738625919117647,0.9738328655973252,0.2675774993707568,0.9535845588235294,0.9921875,-0.1953125,same_development_oof_exploratory,False
ANOVA:consensus:64:0.50:LDA,ANOVA:consensus:64:0.50,ANOVA,consensus,64,0.5,LDA,0.872906454248366,0.8715415019762845,0.8711730032639622,0.3612161090796971,0.859375,0.8837316176470589,0.010363185345097949,63,64.0,65,0.9603359094263945,0.9242424242424242,-10.290926266339874,0.9709903492647058,0.971120187481427,0.1885718321124429,0.9613970588235294,0.9774816176470589,-0.4825367647058876,same_development_oof_exploratory,False
ANOVA:consensus:64:0.50:LR,ANOVA:consensus:64:0.50,ANOVA,consensus,64,0.5,LR,0.8703129255174291,0.8685770750988142,0.8695576987762995,0.3990162871570766,0.8386948529411764,0.8993566176470589,0.02310110821299901,63,64.0,65,0.9603359094263945,0.9242424242424242,-10.55027913943356,0.9709329044117647,0.9708656836184717,0.1993741297566157,0.9535845588235294,0.9848345588235294,-0.48828125,same_development_oof_exploratory,False
ANOVA:consensus:64:0.67:LDA,ANOVA:consensus:64:0.67,ANOVA,consensus,64,0.67,LDA,0.8748021343954249,0.8735177865612648,0.8728686423548293,0.36333948517491843,0.859375,0.890625,0.012156712237068273,62,63.0,65,0.9549130309174954,0.9242424242424242,-10.101358251633986,0.9700137867647058,0.9700554543258324,0.18948778063395827,0.9613970588235294,0.9774816176470589,-0.5801930147058876,same_development_oof_exploratory,False
ANOVA:consensus:64:0.67:LR,ANOVA:consensus:64:0.67,ANOVA,consensus,64,0.67,LR,0.8684172453703703,0.866600790513834,0.8677835487405882,0.40669784010475196,0.8386948529411764,0.9053662330316742,0.024588431250405277,62,63.0,65,0.9549130309174954,0.9242424242424242,-10.739847154139436,0.9709329044117647,0.9708656836184717,0.20196927986265437,0.9535845588235294,0.9848345588235294,-0.48828125,same_development_oof_exploratory,False
ANOVA:consensus:64:0.80:LDA,ANOVA:consensus:64:0.80,ANOVA,consensus,64,0.8,LDA,0.872906454248366,0.8715415019762845,0.8707502017795558,0.36602275208793644,0.8515625,0.890625,0.013515680461397556,61,62.0,63,0.9539576247165533,0.90625,-10.290926266339874,0.9709903492647058,0.9710191406318164,0.1905115620322055,0.9613970588235294,0.984375,-0.4825367647058876,same_development_oof_exploratory,False
ANOVA:consensus:64:0.80:LR,ANOVA:consensus:64:0.80,ANOVA,consensus,64,0.8,LR,0.8666449652777778,0.8646245059288538,0.8658898551773537,0.4131257265950602,0.8308823529411764,0.9053662330316742,0.027330613456156408,61,62.0,63,0.9539576247165533,0.90625,-10.917075163398692,0.9709329044117647,0.9708656836184717,0.20439964769934135,0.9535845588235294,0.9848345588235294,-0.48828125,same_development_oof_exploratory,False
ANOVA:consensus:64:1.00:LDA,ANOVA:consensus:64:1.00,ANOVA,consensus,64,1.0,LDA,0.8525709763071896,0.8507905138339921,0.8512120546427644,0.429504103957637,0.7859162895927602,0.890625,0.035804919105415826,58,59.0,61,0.9353308297119813,0.8888888888888888,-12.324474060457513,0.9729434742647058,0.972943899973818,0.20906088728176586,0.9613970588235294,0.984375,-0.2872242647058876,same_development_oof_exploratory,False
ANOVA:consensus:64:1.00:LR,ANOVA:consensus:64:1.00,ANOVA,consensus,64,1.0,LR,0.8432074652777778,0.8409090909090909,0.842171256093017,0.4771148545783508,0.8044905462184874,0.8993566176470589,0.033780437989286,58,59.0,61,0.9353308297119813,0.8888888888888888,-13.260825163398692,0.9728860294117647,0.972783926150216,0.2267704390776955,0.9535845588235294,0.9921875,-0.29296875,same_development_oof_exploratory,False
ANOVA:consensus:96:0.50:LDA,ANOVA:consensus:96:0.50,ANOVA,consensus,96,0.5,LDA,0.9172134565631809,0.91600790513834,0.9170576415503491,0.261777655162969,0.890625,0.9306066176470589,0.01646312255266355,94,96.0,96,0.9536220095114547,0.91,-5.860226034858385,0.9718520220588236,0.971937207467005,0.1577629769122598,0.9613970588235294,0.9848345588235294,-0.3963694852941124,same_development_oof_exploratory,False
ANOVA:consensus:96:0.50:LR,ANOVA:consensus:96:0.50,ANOVA,consensus,96,0.5,LR,0.9108604813453158,0.9100790513833992,0.9106007825746132,0.30203977855256015,0.8895089285714286,0.9388786764705882,0.017418330972457104,94,96.0,96,0.9536220095114547,0.91,-6.495523556644889,0.9718520220588236,0.9719892246198913,0.166688351734672,0.9535845588235294,0.9848345588235294,-0.3963694852941124,same_development_oof_exploratory,False
ANOVA:consensus:96:0.67:LDA,ANOVA:consensus:96:0.67,ANOVA,consensus,96,0.67,LDA,0.9103200742102396,0.9090909090909091,0.9098197417842704,0.28610826322103566,0.890625,0.9379595588235294,0.017437039353021985,92,94.0,95,0.9534961792957587,0.9,-6.5495642701525085,0.9728285845588236,0.9729020488358868,0.16535804972431037,0.9613970588235294,0.9848345588235294,-0.2987132352941124,same_development_oof_exploratory,False
ANOVA:consensus:96:0.67:LR,ANOVA:consensus:96:0.67,ANOVA,consensus,96,0.67,LR,0.9021288636982571,0.9011857707509882,0.9017350466203076,0.32019947169992785,0.8723133484162896,0.9388786764705882,0.02312250828841498,92,94.0,95,0.9534961792957587,0.9,-7.368685321350766,0.9738051470588236,0.973925869460001,0.17216245621844972,0.9535845588235294,0.9848345588235294,-0.20105698529411242,same_development_oof_exploratory,False
ANOVA:consensus:96:0.80:LDA,ANOVA:consensus:96:0.80,ANOVA,consensus,96,0.8,LDA,0.9093435117102396,0.908102766798419,0.9089733832384473,0.2874818704788576,0.8892816742081449,0.9375,0.019884441434330546,91,92.0,94,0.9465411020521126,0.8877551020408163,-6.6472205201525085,0.9728285845588236,0.9729020488358868,0.16595096746130342,0.9613970588235294,0.9848345588235294,-0.2987132352941124,same_development_oof_exploratory,False
ANOVA:consensus:96:0.80:LR,ANOVA:consensus:96:0.80,ANOVA,consensus,96,0.8,LR,0.9021288636982571,0.9011857707509882,0.9016904519996541,0.3212823421343559,0.8723133484162896,0.9310661764705882,0.020712143591957593,91,92.0,94,0.9465411020521126,0.8877551020408163,-7.368685321350766,0.9738051470588236,0.973925869460001,0.17260509995212409,0.9535845588235294,0.9848345588235294,-0.20105698529411242,same_development_oof_exploratory,False
ANOVA:consensus:96:1.00:LDA,ANOVA:consensus:96:1.00,ANOVA,consensus,96,1.0,LDA,0.9042798543028323,0.9031620553359684,0.9036668141518756,0.29659693316177166,0.8814691742081449,0.9375,0.019660188003466996,88,89.5,90,0.9405081108347717,0.8842105263157894,-7.153586260893241,0.9719094669117647,0.9719603261799077,0.1689901423809103,0.9613970588235294,0.9774816176470589,-0.390625,same_development_oof_exploratory,False
ANOVA:consensus:96:1.00:LR,ANOVA:consensus:96:1.00,ANOVA,consensus,96,1.0,LR,0.8983375034041394,0.8972332015810277,0.8977867527439538,0.3267696339728971,0.8645008484162896,0.9296875,0.0211360172486284,88,89.5,90,0.9405081108347717,0.8842105263157894,-7.747821350762529,0.9728285845588236,0.9729658460323578,0.17466553651969133,0.9535845588235294,0.9848345588235294,-0.2987132352941124,same_development_oof_exploratory,False
LDAcoef:fixed:8:LDA,LDAcoef:fixed:8,LDAcoef,fixed,8,,LDA,0.6054325810185185,0.6106719367588933,0.5972294372853216,1.0330041072049834,0.49363182773109243,0.6776018099547512,0.06286647326655458,8,8.0,8,0.9444444444444444,0.7777777777777778,-37.03831358932462,0.9670840992647058,0.9672148011917596,0.3725923432500136,0.9384191176470589,0.9921875,-0.8731617647058876,same_development_oof_exploratory,False
LDAcoef:fixed:8:LR,LDAcoef:fixed:8,LDAcoef,fixed,8,,LR,0.5872544764433552,0.5928853754940712,0.5745869942696442,1.0715926058852598,0.4529936974789916,0.6324185924369747,0.06603728854661255,8,8.0,8,0.9444444444444444,0.7777777777777778,-38.856124046840954,0.9670840992647058,0.9672148011917596,0.39124422878194337,0.9384191176470589,0.9921875,-0.8731617647058876,same_development_oof_exploratory,False
LDAcoef:fixed:12:LDA,LDAcoef:fixed:12,LDAcoef,fixed,12,,LDA,0.727817776416122,0.7282608695652174,0.7251070475966612,0.7602876790180638,0.6759453781512605,0.7808560924369747,0.03870561534527787,12,12.0,12,1.0,1.0,-24.799794049564273,0.9670840992647058,0.9672039833319833,0.29787432698599514,0.9384191176470589,0.9921875,-0.8731617647058876,same_development_oof_exploratory,False
LDAcoef:fixed:12:LR,LDAcoef:fixed:12,LDAcoef,fixed,12,,LR,0.7130225354030502,0.7124505928853755,0.706647422516886,0.846115810446157,0.6389180672268908,0.7719275210084033,0.0435561667295641,12,12.0,12,1.0,1.0,-26.279318150871454,0.9670840992647058,0.9672148011917596,0.3312220448739808,0.9384191176470589,0.9921875,-0.8731617647058876,same_development_oof_exploratory,False
LDAcoef:fixed:16:LDA,LDAcoef:fixed:16,LDAcoef,fixed,16,,LDA,0.7793309163943356,0.7796442687747036,0.7777942979649164,0.5765066837989405,0.7339810924369747,0.8033441742081449,0.02543970374294496,16,16.0,16,0.9453781512605042,0.8823529411764706,-19.64848005174291,0.9670840992647058,0.9672291543239642,0.24071733264583126,0.9535845588235294,0.984375,-0.8731617647058876,same_development_oof_exploratory,False
LDAcoef:fixed:16:LR,LDAcoef:fixed:16,LDAcoef,fixed,16,,LR,0.7652165032679739,0.7648221343873518,0.7626532779731359,0.6627421199911923,0.7257090336134454,0.8111566742081449,0.03092675103092344,16,16.0,16,0.9453781512605042,0.8823529411764706,-21.059921364379086,0.9680606617647058,0.9681784874977435,0.2744884028162474,0.9462316176470589,0.9921875,-0.7755055147058876,same_development_oof_exploratory,False
LDAcoef:fixed:24:LDA,LDAcoef:fixed:24,LDAcoef,fixed,24,,LDA,0.8666832618464052,0.866600790513834,0.8662438587412051,0.39423070489571543,0.8413209033613445,0.8874787895927602,0.016176184120781974,24,24.0,24,0.8548473748473749,0.7777777777777778,-10.91324550653595,0.9651309742647058,0.9651972703948596,0.17879152902898932,0.9379595588235294,0.9848345588235294,-1.0684742647058876,same_development_oof_exploratory,False
LDAcoef:fixed:24:LR,LDAcoef:fixed:24,LDAcoef,fixed,24,,LR,0.8656173406862745,0.8646245059288538,0.86444765166129,0.4508542535048274,0.8314479638009049,0.8920036764705882,0.019917952601541902,24,24.0,24,0.8548473748473749,0.7777777777777778,-11.019837622549023,0.9719669117647058,0.9720177675852056,0.2049178934226412,0.9535845588235294,0.9921875,-0.3848805147058876,same_development_oof_exploratory,False
LDAcoef:fixed:32:LDA,LDAcoef:fixed:32,LDAcoef,fixed,32,,LDA,0.8953014365468409,0.8942687747035574,0.8945274311924085,0.32079810067484815,0.8513655462184874,0.953125,0.0305255900028494,32,32.0,32,0.9057040998217468,0.8285714285714286,-8.05142803649238,0.9719094669117647,0.9720466620026953,0.16159238566234252,0.9457720588235294,0.9921875,-0.390625,same_development_oof_exploratory,False
LDAcoef:fixed:32:LR,LDAcoef:fixed:32,LDAcoef,fixed,32,,LR,0.8826550585511983,0.8814229249011858,0.8818543086991946,0.3676966388066958,0.8520220588235294,0.9067095588235294,0.020684627136202446,32,32.0,32,0.9057040998217468,0.8285714285714286,-9.31606583605664,0.9748391544117647,0.9748734275578106,0.18184474785023183,0.9613970588235294,0.9921875,-0.09765625,same_development_oof_exploratory,False
LDAcoef:fixed:48:LDA,LDAcoef:fixed:48,LDAcoef,fixed,48,,LDA,0.9415700742102396,0.9407114624505929,0.9412496298609632,0.18942741019701625,0.9223345588235294,0.9609375,0.015033647654014909,48,48.0,48,0.8458321651218432,0.7454545454545455,-3.424564270152508,0.9728860294117647,0.9729958471206188,0.1304073419513567,0.9613970588235294,0.9921875,-0.29296875,same_development_oof_exploratory,False
LDAcoef:fixed:48:LR,LDAcoef:fixed:48,LDAcoef,fixed,48,,LR,0.9365553513071896,0.9357707509881423,0.9363098309734215,0.23105067578874652,0.8993566176470589,0.9770220588235294,0.02603669231164254,48,48.0,48,0.8458321651218432,0.7454545454545455,-3.926036560457513,0.9767348345588236,0.9767727081333502,0.14082548275441437,0.9613970588235294,0.9921875,0.09191176470588758,same_development_oof_exploratory,False
LDAcoef:fixed:64:LDA,LDAcoef:fixed:64,LDAcoef,fixed,64,,LDA,0.9476102941176471,0.9466403162055336,0.9474319048024304,0.1705087270480413,0.9223345588235294,0.9765625,0.019332707816292396,64,64.0,64,0.8415140814747757,0.7297297297297297,-2.820542279411764,0.9738051470588236,0.9739386086782722,0.12598784508167707,0.9613970588235294,0.9921875,-0.20105698529411242,same_development_oof_exploratory,False
LDAcoef:fixed:64:LR,LDAcoef:fixed:64,LDAcoef,fixed,64,,LR,0.9444912513616558,0.9436758893280632,0.9444010411991715,0.20075638899469855,0.9071691176470589,0.96875,0.021169648622560103,64,64.0,64,0.8415140814747757,0.7297297297297297,-3.1324465550108926,0.9767348345588236,0.9767727081333502,0.1298805400305707,0.9613970588235294,0.9921875,0.09191176470588758,same_development_oof_exploratory,False
LDAcoef:fixed:96:LDA,LDAcoef:fixed:96,LDAcoef,fixed,96,,LDA,0.9534122242647058,0.9525691699604744,0.9534748882271897,0.15314709286860395,0.9223345588235294,0.9765625,0.020208554807250832,96,96.0,96,0.8280575565574592,0.7614678899082569,-2.2403492647058876,0.9738625919117647,0.9739553955418209,0.12031692297006179,0.9613970588235294,0.9921875,-0.1953125,same_development_oof_exploratory,False
LDAcoef:fixed:96:LR,LDAcoef:fixed:96,LDAcoef,fixed,96,,LR,0.9483400565087146,0.9476284584980237,0.9482844057018525,0.18448384621816644,0.8988970588235294,0.984375,0.026402138533044635,96,96.0,96,0.8280575565574592,0.7614678899082569,-2.747566040305016,0.9767348345588236,0.9767727081333502,0.12608476752120795,0.9613970588235294,0.9921875,0.09191176470588758,same_development_oof_exploratory,False
LDAcoef:fixed:128:LDA,LDAcoef:fixed:128,LDAcoef,fixed,128,,LDA,0.9670266544117647,0.9664031620553359,0.9672088821147777,0.12312077877576687,0.9379595588235294,0.9921875,0.015911528038002498,128,128.0,128,0.7820084107937401,0.7297297297297297,-0.87890625,0.9767922794117647,0.9768466200826348,0.10928314339847534,0.9613970588235294,0.9921875,0.09765625,same_development_oof_exploratory,False
LDAcoef:fixed:128:LR,LDAcoef:fixed:128,LDAcoef,fixed,128,,LR,0.9589673543028323,0.958498023715415,0.9589684471947516,0.16779214211926116,0.9379595588235294,0.984375,0.017248914956491973,128,128.0,128,0.7820084107937401,0.7297297297297297,-1.684836260893241,0.9777113970588236,0.9777704348107614,0.1189250508634613,0.9535845588235294,0.9921875,0.18956801470588758,same_development_oof_exploratory,False
LDAcoef:consensus:16:0.50:LDA,LDAcoef:consensus:16:0.50,LDAcoef,consensus,16,0.5,LDA,0.7793309163943356,0.7796442687747036,0.7774310318709552,0.568947064017763,0.7339810924369747,0.8033441742081449,0.02543970374294496,16,16.0,16,0.9285714285714286,0.8823529411764706,-19.64848005174291,0.9670840992647058,0.9672291543239642,0.2387387433375515,0.9535845588235294,0.984375,-0.8731617647058876,same_development_oof_exploratory,False
LDAcoef:consensus:16:0.50:LR,LDAcoef:consensus:16:0.50,LDAcoef,consensus,16,0.5,LR,0.7710758782679739,0.7707509881422925,0.7676201157053804,0.6523448754457272,0.7257090336134454,0.8111566742081449,0.03070713971524814,16,16.0,16,0.9285714285714286,0.8823529411764706,-20.473983864379086,0.9680606617647058,0.9681784874977435,0.27206954535347744,0.9462316176470589,0.9921875,-0.7755055147058876,same_development_oof_exploratory,False
LDAcoef:consensus:16:0.67:LDA,LDAcoef:consensus:16:0.67,LDAcoef,consensus,16,0.67,LDA,0.7793309163943356,0.7796442687747036,0.7774310318709552,0.568947064017763,0.7339810924369747,0.8033441742081449,0.02543970374294496,16,16.0,16,0.9285714285714286,0.8823529411764706,-19.64848005174291,0.9670840992647058,0.9672291543239642,0.2387387433375515,0.9535845588235294,0.984375,-0.8731617647058876,same_development_oof_exploratory,False
LDAcoef:consensus:16:0.67:LR,LDAcoef:consensus:16:0.67,LDAcoef,consensus,16,0.67,LR,0.7710758782679739,0.7707509881422925,0.7676201157053804,0.6523448754457272,0.7257090336134454,0.8111566742081449,0.03070713971524814,16,16.0,16,0.9285714285714286,0.8823529411764706,-20.473983864379086,0.9680606617647058,0.9681784874977435,0.27206954535347744,0.9462316176470589,0.9921875,-0.7755055147058876,same_development_oof_exploratory,False
LDAcoef:consensus:16:0.80:LDA,LDAcoef:consensus:16:0.80,LDAcoef,consensus,16,0.8,LDA,0.7682270390795207,0.7687747035573123,0.7671332664736104,0.6107006941485346,0.7071953781512605,0.8121060924369747,0.039710583532917856,15,15.0,16,0.9298844537815125,0.7647058823529411,-20.7588677832244,0.9670840992647058,0.9672256873036916,0.2527671658347589,0.9535845588235294,0.984375,-0.8731617647058876,same_development_oof_exploratory,False
LDAcoef:consensus:16:0.80:LR,LDAcoef:consensus:16:0.80,LDAcoef,consensus,16,0.8,LR,0.7488532305283224,0.7480237154150198,0.7439097012096615,0.7156049679387835,0.6623555672268908,0.8033441742081449,0.043888960033893726,15,15.0,16,0.9298844537815125,0.7647058823529411,-22.69624863834423,0.9680606617647058,0.9681784874977435,0.2930300833731139,0.9462316176470589,0.9921875,-0.7755055147058876,same_development_oof_exploratory,False
LDAcoef:consensus:16:1.00:LDA,LDAcoef:consensus:16:1.00,LDAcoef,consensus,16,1.0,LDA,0.7536360464324618,0.7539525691699605,0.7516937799068812,0.6574034584187484,0.6993828781512605,0.7919259049773756,0.03329531568896636,14,14.0,15,0.901636904761905,0.8125,-22.217967047930287,0.9670840992647058,0.9672148011917596,0.26784602077216624,0.9384191176470589,0.9921875,-0.8731617647058876,same_development_oof_exploratory,False
LDAcoef:consensus:16:1.00:LR,LDAcoef:consensus:16:1.00,LDAcoef,consensus,16,1.0,LR,0.7410981753812637,0.7401185770750988,0.7360285094410984,0.7613553522206479,0.6540835084033614,0.8033441742081449,0.046144767612527005,14,14.0,15,0.901636904761905,0.8125,-23.471754153050107,0.9680606617647058,0.9681784874977435,0.306139964627807,0.9462316176470589,0.9921875,-0.7755055147058876,same_development_oof_exploratory,False
LDAcoef:consensus:24:0.50:LDA,LDAcoef:consensus:24:0.50,LDAcoef,consensus,24,0.5,LDA,0.8649109817538126,0.8646245059288538,0.8641590267246053,0.3933410059508036,0.8392604638009049,0.8874787895927602,0.020244547721700545,22,23.0,24,0.8867192228061793,0.8076923076923077,-11.090473515795207,0.9661075367647058,0.9662619446379879,0.1795226054846352,0.9457720588235294,0.9848345588235294,-0.9708180147058876,same_development_oof_exploratory,False
LDAcoef:consensus:24:0.50:LR,LDAcoef:consensus:24:0.50,LDAcoef,consensus,24,0.5,LR,0.8635493259803921,0.8626482213438735,0.8627302711815941,0.4536425291815103,0.8314479638009049,0.8846507352941176,0.017487968959771207,22,23.0,24,0.8867192228061793,0.8076923076923077,-11.226639093137258,0.9728860294117647,0.9729610183146982,0.20680784115579615,0.9535845588235294,0.9921875,-0.29296875,same_development_oof_exploratory,False
LDAcoef:consensus:24:0.67:LDA,LDAcoef:consensus:24:0.67,LDAcoef,consensus,24,0.67,LDA,0.8551368464052287,0.8547430830039525,0.8537978487407122,0.41066299122341715,0.818999474789916,0.8874787895927602,0.02542993591064392,21,22.5,23,0.912678336156597,0.84,-12.067887050653603,0.9661075367647058,0.9662584776177153,0.18650172427492645,0.9457720588235294,0.9848345588235294,-0.9708180147058876,same_development_oof_exploratory,False
LDAcoef:consensus:24:0.67:LR,LDAcoef:consensus:24:0.67,LDAcoef,consensus,24,0.67,LR,0.8598154105392157,0.8586956521739131,0.8582830585601439,0.47391977634226645,0.834624474789916,0.8772977941176471,0.01744035747630484,21,22.5,23,0.912678336156597,0.84,-11.6000306372549,0.9719094669117647,0.9720028751401196,0.2142669573005217,0.9535845588235294,0.9921875,-0.390625,same_development_oof_exploratory,False
LDAcoef:consensus:24:0.80:LDA,LDAcoef:consensus:24:0.80,LDAcoef,consensus,24,0.8,LDA,0.8385267735566448,0.8379446640316206,0.8366956479598111,0.43790957179383205,0.818999474789916,0.874343487394958,0.019316909819365676,20,21.0,23,0.9249771113979187,0.8333333333333334,-13.728894335511988,0.9651309742647058,0.9652893756006885,0.19489075870927045,0.9457720588235294,0.9770220588235294,-1.0684742647058876,same_development_oof_exploratory,False
LDAcoef:consensus:24:0.80:LR,LDAcoef:consensus:24:0.80,LDAcoef,consensus,24,0.8,LR,0.8516986655773421,0.8507905138339921,0.8503926264230078,0.4978225555828828,0.8299632352941176,0.8763786764705882,0.017115169549124773,20,21.0,23,0.9249771113979187,0.8333333333333334,-12.411705133442263,0.9699563419117647,0.9700822878871572,0.22137923122698938,0.9535845588235294,0.9921875,-0.5859375,same_development_oof_exploratory,False
LDAcoef:consensus:24:1.00:LDA,LDAcoef:consensus:24:1.00,LDAcoef,consensus,24,1.0,LDA,0.8362119587418301,0.8359683794466403,0.8348556192654958,0.44339147153875813,0.818999474789916,0.858718487394958,0.015479397345816426,20,21.0,22,0.9182631550643973,0.8260869565217391,-13.960375816993464,0.9670840992647058,0.9672256873036916,0.19664864019599423,0.9457720588235294,0.9921875,-0.8731617647058876,same_development_oof_exploratory,False
LDAcoef:consensus:24:1.00:LR,LDAcoef:consensus:24:1.00,LDAcoef,consensus,24,1.0,LR,0.8478498604302832,0.8468379446640316,0.8463938171085408,0.5051134330435423,0.8299632352941176,0.8685661764705882,0.012744817791679824,20,21.0,22,0.9182631550643973,0.8260869565217391,-12.79658564814815,0.9699563419117647,0.9700822878871572,0.2229708497487414,0.9535845588235294,0.9921875,-0.5859375,same_development_oof_exploratory,False
LDAcoef:consensus:32:0.50:LDA,LDAcoef:consensus:32:0.50,LDAcoef,consensus,32,0.5,LDA,0.8863315291394336,0.8853754940711462,0.8853472713160985,0.3358627261418932,0.8513655462184874,0.9067095588235294,0.01847639160010477,30,31.5,32,0.9187513990200186,0.8529411764705882,-8.948418777233114,0.9689797794117647,0.9690550960074054,0.1664912379307202,0.9457720588235294,0.9848345588235294,-0.68359375,same_development_oof_exploratory,False
LDAcoef:consensus:32:0.50:LR,LDAcoef:consensus:32:0.50,LDAcoef,consensus,32,0.5,LR,0.8867421534586056,0.8853754940711462,0.8855370339935297,0.37977348422628016,0.8520220588235294,0.9049066742081449,0.020892749514775735,30,31.5,32,0.9187513990200186,0.8529411764705882,-8.90735634531591,0.9748391544117647,0.9748734275578106,0.18659558298189619,0.9613970588235294,0.9921875,-0.09765625,same_development_oof_exploratory,False
LDAcoef:consensus:32:0.67:LDA,LDAcoef:consensus:32:0.67,LDAcoef,consensus,32,0.67,LDA,0.8859698393246187,0.8853754940711462,0.8853500679582393,0.33777980943559843,0.8513655462184874,0.9051339285714286,0.01756787145028606,29,30.5,32,0.9140566087138666,0.875,-8.984587758714602,0.9689797794117647,0.9690550960074054,0.1673232732803158,0.9457720588235294,0.9848345588235294,-0.68359375,same_development_oof_exploratory,False
LDAcoef:consensus:32:0.67:LR,LDAcoef:consensus:32:0.67,LDAcoef,consensus,32,0.67,LR,0.8846656284041394,0.883399209486166,0.8835069763436981,0.38287702438012317,0.8446691176470589,0.9049066742081449,0.02217690356466923,29,30.5,32,0.9140566087138666,0.875,-9.115008850762528,0.9748391544117647,0.9748734275578106,0.18786880954117746,0.9613970588235294,0.9921875,-0.09765625,same_development_oof_exploratory,False
LDAcoef:consensus:32:0.80:LDA,LDAcoef:consensus:32:0.80,LDAcoef,consensus,32,0.8,LDA,0.8840167143246187,0.883399209486166,0.8834522272195144,0.34044128970988025,0.8513655462184874,0.9049066742081449,0.016962380955972335,29,29.0,31,0.9013344854070661,0.8125,-9.179900258714602,0.9689797794117647,0.9690550960074054,0.16830910603556093,0.9457720588235294,0.9848345588235294,-0.68359375,same_development_oof_exploratory,False
LDAcoef:consensus:32:0.80:LR,LDAcoef:consensus:32:0.80,LDAcoef,consensus,32,0.8,LR,0.8827125034041394,0.8814229249011858,0.8815055904177087,0.38674361316498834,0.8446691176470589,0.9049066742081449,0.0223369491122888,29,29.0,31,0.9013344854070661,0.8125,-9.310321350762528,0.9748391544117647,0.9748734275578106,0.18879105223222442,0.9613970588235294,0.9921875,-0.09765625,same_development_oof_exploratory,False
LDAcoef:consensus:32:1.00:LDA,LDAcoef:consensus:32:1.00,LDAcoef,consensus,32,1.0,LDA,0.8687597869008714,0.8685770750988142,0.8687137502123616,0.3917315719204962,0.8466134049773756,0.8915441176470589,0.014900853915356154,24,26.5,28,0.8781196180210961,0.8,-10.70559300108933,0.9670840992647058,0.9672291543239642,0.18282249512642904,0.9457720588235294,0.9848345588235294,-0.8731617647058876,same_development_oof_exploratory,False
LDAcoef:consensus:32:1.00:LR,LDAcoef:consensus:32:1.00,LDAcoef,consensus,32,1.0,LR,0.8584197133714597,0.857707509881423,0.8580817221030612,0.4435440076642768,0.8314479638009049,0.8841911764705882,0.018931266249630332,24,26.5,28,0.8781196180210961,0.8,-11.7396003540305,0.9739200367647058,0.9739293189960831,0.20727378656019177,0.9613970588235294,0.9921875,-0.18956801470588758,same_development_oof_exploratory,False
LDAcoef:consensus:48:0.50:LDA,LDAcoef:consensus:48:0.50,LDAcoef,consensus,48,0.5,LDA,0.9405935117102396,0.9397233201581028,0.9404451268433057,0.18534074296900735,0.8970941742081449,0.96875,0.02349684728858513,46,47.0,49,0.8540030477426992,0.7547169811320755,-3.522220520152508,0.9719094669117647,0.9720348082888585,0.1284032255591533,0.9535845588235294,0.9921875,-0.390625,same_development_oof_exploratory,False
LDAcoef:consensus:48:0.50:LR,LDAcoef:consensus:48:0.50,LDAcoef,consensus,48,0.5,LR,0.9384510314542484,0.9377470355731226,0.9385658691640566,0.22228609705644914,0.8970941742081449,0.9770220588235294,0.025528667000995556,46,47.0,49,0.8540030477426992,0.7547169811320755,-3.7364685457516367,0.9757582720588236,0.9758179144090602,0.13718199654213453,0.9613970588235294,0.9921875,-0.0057444852941124225,same_development_oof_exploratory,False
LDAcoef:consensus:48:0.67:LDA,LDAcoef:consensus:48:0.67,LDAcoef,consensus,48,0.67,LDA,0.9415700742102396,0.9407114624505929,0.9412155778322631,0.2006314202537459,0.9223345588235294,0.96875,0.01563569566095077,43,45.5,48,0.8595220421808719,0.78,-3.424564270152508,0.9728860294117647,0.9729958471206188,0.13425186870603276,0.9613970588235294,0.9921875,-0.29296875,same_development_oof_exploratory,False
LDAcoef:consensus:48:0.67:LR,LDAcoef:consensus:48:0.67,LDAcoef,consensus,48,0.67,LR,0.9317299836601307,0.9308300395256917,0.9313715873145403,0.24173512918773232,0.8975537330316742,0.9770220588235294,0.025574375834633553,43,45.5,48,0.8595220421808719,0.78,-4.408573325163401,0.9777113970588236,0.9777493153375159,0.14674959863288214,0.9613970588235294,0.9921875,0.18956801470588758,same_development_oof_exploratory,False
LDAcoef:consensus:48:0.80:LDA,LDAcoef:consensus:48:0.80,LDAcoef,consensus,48,0.8,LDA,0.9357106992102396,0.9347826086956522,0.9352834557183274,0.21428152906981668,0.9127191742081449,0.9535845588235294,0.015706189742349646,41,42.0,43,0.8350337323279043,0.75,-4.0105017701525085,0.9709329044117647,0.9710429960419655,0.1401268884745649,0.9535845588235294,0.9921875,-0.48828125,same_development_oof_exploratory,False
LDAcoef:consensus:48:0.80:LR,LDAcoef:consensus:48:0.80,LDAcoef,consensus,48,0.8,LR,0.9277003336056644,0.9268774703557312,0.9274414740101591,0.26174891329824707,0.8897412330316742,0.9770220588235294,0.0265110655844276,41,42.0,43,0.8350337323279043,0.75,-4.811538330610032,0.9758157169117647,0.9758278620081504,0.15460903497212608,0.9613970588235294,0.9921875,0.0,same_development_oof_exploratory,False
LDAcoef:consensus:48:1.00:LDA,LDAcoef:consensus:48:1.00,LDAcoef,consensus,48,1.0,LDA,0.9127561614923747,0.9120553359683794,0.9126858160016752,0.2853831424371167,0.8837316176470589,0.9535845588235294,0.028051508305196534,34,36.0,38,0.8119887547198202,0.7317073170731707,-6.305955541939001,0.9709903492647058,0.9710808074316161,0.16100381629776248,0.9613970588235294,0.9921875,-0.4825367647058876,same_development_oof_exploratory,False
LDAcoef:consensus:48:1.00:LR,LDAcoef:consensus:48:1.00,LDAcoef,consensus,48,1.0,LR,0.8960141782407407,0.8952569169960475,0.8960399167641491,0.33311187542419063,0.8607536764705882,0.9770220588235294,0.03707103253925331,34,36.0,38,0.8119887547198202,0.7317073170731707,-7.980153867102402,0.9748391544117647,0.9748730968808584,0.18167862042736896,0.9613970588235294,0.9921875,-0.09765625,same_development_oof_exploratory,False
LDAcoef:consensus:64:0.50:LDA,LDAcoef:consensus:64:0.50,LDAcoef,consensus,64,0.5,LDA,0.9456571691176471,0.9446640316205533,0.9454449362896762,0.16872357226819026,0.9223345588235294,0.96875,0.01655277769959193,60,62.0,65,0.840009537234751,0.7794117647058824,-3.015854779411764,0.9757582720588236,0.9758572210061112,0.12450726057270942,0.9613970588235294,0.9921875,-0.0057444852941124225,same_development_oof_exploratory,False
LDAcoef:consensus:64:0.50:LR,LDAcoef:consensus:64:0.50,LDAcoef,consensus,64,0.5,LR,0.9463869315087146,0.9456521739130435,0.946323220221945,0.20045988822989705,0.9071691176470589,0.96875,0.022001945600876628,60,62.0,65,0.840009537234751,0.7794117647058824,-2.942878540305016,0.9767348345588236,0.9767727081333502,0.12956583740302877,0.9613970588235294,0.9921875,0.09191176470588758,same_development_oof_exploratory,False
LDAcoef:consensus:64:0.67:LDA,LDAcoef:consensus:64:0.67,LDAcoef,consensus,64,0.67,LDA,0.9435231992102396,0.9426877470355731,0.9434442011754682,0.16891251283341352,0.9127191742081449,0.96875,0.01838210468353163,56,58.0,61,0.8708455183682648,0.78125,-3.229251770152508,0.9747817095588236,0.9748986321059154,0.123824572845399,0.9613970588235294,0.9921875,-0.10340073529411242,same_development_oof_exploratory,False
LDAcoef:consensus:64:0.67:LR,LDAcoef:consensus:64:0.67,LDAcoef,consensus,64,0.67,LR,0.9442529616013072,0.9436758893280632,0.9443527496482702,0.20173181187063202,0.9071691176470589,0.96875,0.022924339820883433,56,58.0,61,0.8708455183682648,0.78125,-3.156275531045749,0.9767348345588236,0.9767727081333502,0.1293518972472348,0.9613970588235294,0.9921875,0.09191176470588758,same_development_oof_exploratory,False
LDAcoef:consensus:64:0.80:LDA,LDAcoef:consensus:64:0.80,LDAcoef,consensus,64,0.8,LDA,0.9405935117102396,0.9397233201581028,0.9404295733080976,0.17470638346798065,0.9127191742081449,0.9609375,0.016958862111756963,53,54.5,56,0.8534140920898888,0.8,-3.522220520152508,0.9738625919117647,0.9739553955418209,0.12526734464725575,0.9613970588235294,0.9921875,-0.1953125,same_development_oof_exploratory,False
LDAcoef:consensus:64:0.80:LR,LDAcoef:consensus:64:0.80,LDAcoef,consensus,64,0.8,LR,0.9443104064542484,0.9436758893280632,0.9443956069847153,0.2074513818116726,0.9227941176470589,0.9692095588235294,0.014852048875643464,53,54.5,56,0.8534140920898888,0.8,-3.1505310457516367,0.9757582720588236,0.9758179144090602,0.13276477125003427,0.9613970588235294,0.9921875,-0.0057444852941124225,same_development_oof_exploratory,False
LDAcoef:consensus:64:1.00:LDA,LDAcoef:consensus:64:1.00,LDAcoef,consensus,64,1.0,LDA,0.9374829793028323,0.9367588932806324,0.9373550055215747,0.18719505801867425,0.9127191742081449,0.9609375,0.01797491050649069,47,49.5,53,0.8595921151149469,0.7818181818181819,-3.833273760893241,0.9728860294117647,0.9729958471206188,0.12899229807720966,0.9535845588235294,0.9921875,-0.29296875,same_development_oof_exploratory,False
LDAcoef:consensus:64:1.00:LR,LDAcoef:consensus:64:1.00,LDAcoef,consensus,64,1.0,LR,0.9404616013071896,0.9397233201581028,0.9403639638708436,0.22061148993834204,0.9227941176470589,0.9770220588235294,0.016637385923135278,47,49.5,53,0.8595921151149469,0.7818181818181819,-3.535411560457513,0.9767348345588236,0.9767727081333502,0.13661816138994,0.9613970588235294,0.9921875,0.09191176470588758,same_development_oof_exploratory,False
LDAcoef:consensus:96:0.50:LDA,LDAcoef:consensus:96:0.50,LDAcoef,consensus,96,0.5,LDA,0.9543887867647058,0.9535573122529645,0.9544572010447152,0.15662415850287567,0.9223345588235294,0.9765625,0.02082878713115231,89,92.0,96,0.8251039712902591,0.7333333333333333,-2.1426930147058876,0.9738625919117647,0.9739553955418209,0.12172018989496594,0.9613970588235294,0.9921875,-0.1953125,same_development_oof_exploratory,False
LDAcoef:consensus:96:0.50:LR,LDAcoef:consensus:96:0.50,LDAcoef,consensus,96,0.5,LR,0.9474783837145969,0.9466403162055336,0.9473657340766846,0.1853441594220004,0.8993566176470589,0.9765625,0.025182708372146336,89,92.0,96,0.8251039712902591,0.7333333333333333,-2.83373331971678,0.9767348345588236,0.9767727081333502,0.1258402416438979,0.9613970588235294,0.9921875,0.09191176470588758,same_development_oof_exploratory,False
LDAcoef:consensus:96:0.67:LDA,LDAcoef:consensus:96:0.67,LDAcoef,consensus,96,0.67,LDA,0.9534122242647058,0.9525691699604744,0.9534669155631472,0.15763886102553432,0.9301470588235294,0.9765625,0.016491032765183832,86,88.0,89,0.8370674104804297,0.7524752475247525,-2.2403492647058876,0.9747817095588236,0.9748986321059154,0.1221199193790436,0.9613970588235294,0.9921875,-0.10340073529411242,same_development_oof_exploratory,False
LDAcoef:consensus:96:0.67:LR,LDAcoef:consensus:96:0.67,LDAcoef,consensus,96,0.67,LR,0.9465018212145969,0.9456521739130435,0.9464176255235058,0.1857918420293031,0.8993566176470589,0.9765625,0.025441244504684768,86,88.0,89,0.8370674104804297,0.7524752475247525,-2.93138956971678,0.9767348345588236,0.9767727081333502,0.1259003560448759,0.9613970588235294,0.9921875,0.09191176470588758,same_development_oof_exploratory,False
LDAcoef:consensus:96:0.80:LDA,LDAcoef:consensus:96:0.80,LDAcoef,consensus,96,0.8,LDA,0.9476102941176471,0.9466403162055336,0.9475388559211468,0.16239980699255413,0.9067095588235294,0.9765625,0.022632647196830148,79,79.5,83,0.8304665793483864,0.7692307692307693,-2.820542279411764,0.9738051470588236,0.9739386086782722,0.12372735083973117,0.9613970588235294,0.9921875,-0.20105698529411242,same_development_oof_exploratory,False
LDAcoef:consensus:96:0.80:LR,LDAcoef:consensus:96:0.80,LDAcoef,consensus,96,0.8,LR,0.9444912513616558,0.9436758893280632,0.9443671265164173,0.18917705559771092,0.8993566176470589,0.9765625,0.02371128026834302,79,79.5,83,0.8304665793483864,0.7692307692307693,-3.1324465550108926,0.9767348345588236,0.9767727081333502,0.12680057434146055,0.9613970588235294,0.9921875,0.09191176470588758,same_development_oof_exploratory,False
LDAcoef:consensus:96:1.00:LDA,LDAcoef:consensus:96:1.00,LDAcoef,consensus,96,1.0,LDA,0.9456571691176471,0.9446640316205533,0.945568704211364,0.16696000299289027,0.9067095588235294,0.9765625,0.022330357288004216,70,74.0,75,0.8139432018454319,0.7441860465116279,-3.015854779411764,0.9738051470588236,0.9739386086782722,0.12521194654978227,0.9613970588235294,0.9921875,-0.20105698529411242,same_development_oof_exploratory,False
LDAcoef:consensus:96:1.00:LR,LDAcoef:consensus:96:1.00,LDAcoef,consensus,96,1.0,LR,0.9444912513616558,0.9436758893280632,0.9444353217741379,0.19397049030798372,0.8993566176470589,0.96875,0.021602749386398674,70,74.0,75,0.8139432018454319,0.7441860465116279,-3.1324465550108926,0.9767348345588236,0.9767727081333502,0.12814768689784306,0.9613970588235294,0.9921875,0.09191176470588758,same_development_oof_exploratory,False
