model_id,role,view,classifier,n,accuracy,balanced_accuracy,macro_f1,negative_log_likelihood,multiclass_brier_score,expected_calibration_error,equal_constructed_batch_accuracy,fold_balanced_accuracy_min,fold_balanced_accuracy_max,fold_balanced_accuracy_mean,fold_balanced_accuracy_sd,errors,same_oof_selected,late_spectral_weight,late_mat_weight
morphology__shrinkage_lda,development_mat_view_candidate,morphology,shrinkage_lda,1012,0.25889328063241107,0.2673377076525054,0.24512494821140768,1.8822954948251307,0.8226178880801359,0.033893959626964155,0.2588973253343332,0.2239819004524887,0.3149290966386555,0.26741084053813835,0.034561584608154415,750,0,,
morphology__logistic_regression,development_mat_view_candidate,morphology,logistic_regression,1012,0.2549407114624506,0.2633569921023965,0.24030558285395265,1.8795737205113319,0.8220339191962757,0.03233679669794934,0.2549368828896388,0.2033219537815126,0.32320115546218486,0.2634269452973497,0.04140355572555687,754,0,,
morphology__rbf_svm,development_mat_view_candidate,morphology,rbf_svm,1012,0.2648221343873518,0.2718481924019608,0.2450532301308829,1.890849453304681,0.8252135602927843,0.03611144023601129,0.2647872140982377,0.19004524886877827,0.34841123949579833,0.2720771301308985,0.051671761583697656,744,0,,
morphology__extra_trees,development_mat_view_candidate,morphology,extra_trees,1012,0.23517786561264822,0.24398956631263616,0.23194151456661116,1.9224533394212497,0.8357195158400369,0.07422388255529905,0.2352284089488814,0.2074731334841629,0.28135605203619907,0.2443584104314803,0.030953762549618263,774,0,,
foreground_std__shrinkage_lda,development_mat_view_candidate,foreground_std,shrinkage_lda,1012,0.6284584980237155,0.6310657509531591,0.6199040614363708,0.978429307384417,0.49709572034966454,0.06355802567584178,0.628476127984002,0.5451781674208145,0.6857324660633484,0.63115796198287,0.051386306395973774,376,0,,
foreground_std__logistic_regression,development_mat_view_candidate,foreground_std,logistic_regression,1012,0.6254940711462451,0.6283743532135077,0.6166954095592547,0.9948286402575,0.5032197952099836,0.09057703688109182,0.6255077490313711,0.5451781674208145,0.6719103506787331,0.6284252282643827,0.0412170780117265,379,0,,
foreground_std__rbf_svm,development_mat_view_candidate,foreground_std,rbf_svm,1012,0.46047430830039526,0.4650139569716776,0.44093918298495804,1.3187234503202023,0.6526295955368893,0.04743026582145943,0.46046587926509186,0.40323004201680673,0.5057116596638656,0.46495990223012285,0.034747805230431035,546,0,,
foreground_std__extra_trees,development_mat_view_candidate,foreground_std,extra_trees,1012,0.41205533596837945,0.41537734885620914,0.40841666072109784,1.5611990094810193,0.707198913944136,0.06025726096477106,0.4121047369078865,0.37616657239819007,0.49738404977375567,0.4154727395765999,0.041775126186527935,595,0,,
foreground_iqr__shrinkage_lda,development_mat_view_candidate,foreground_iqr,shrinkage_lda,1012,0.4051383399209486,0.40508195465686275,0.4024241025746177,1.565829208043526,0.7301300781506853,0.05521878994522714,0.40507436570428695,0.3569358031674208,0.4692752100840336,0.4052822751696833,0.04407381408534529,602,0,,
foreground_iqr__logistic_regression,development_mat_view_candidate,foreground_iqr,logistic_regression,1012,0.3784584980237154,0.378138191040305,0.37653359136808806,1.574510702076588,0.7353291031675444,0.07023754198732397,0.3783902012248469,0.3245141806722689,0.4373686974789916,0.3782844568115708,0.04995381465343643,629,0,,
foreground_iqr__rbf_svm,development_mat_view_candidate,foreground_iqr,rbf_svm,1012,0.3547430830039526,0.35438155296840956,0.3282795488250038,1.6200193743782236,0.7535927405636669,0.04836993884579162,0.3547134733158355,0.28195701357466063,0.41550682773109243,0.3544038108031674,0.04264841084861392,653,0,,
foreground_iqr__extra_trees,development_mat_view_candidate,foreground_iqr,extra_trees,1012,0.3201581027667984,0.3212848073257081,0.31606326115765565,1.7910606448528021,0.7863426509699543,0.05713329799854682,0.3201474815648044,0.2771796218487395,0.3579963235294118,0.32091914289754364,0.032161953553228456,688,0,,
radial_inner_minus_outer__shrinkage_lda,development_mat_view_candidate,radial_inner_minus_outer,shrinkage_lda,1012,0.607707509881423,0.609866472630719,0.6033004827653641,1.0572584422150473,0.5249444573893164,0.09518109164429468,0.6077365329333834,0.5454306722689075,0.6502757352941176,0.6100763322155786,0.03171676495341991,397,0,,
radial_inner_minus_outer__logistic_regression,development_mat_view_candidate,radial_inner_minus_outer,logistic_regression,1012,0.6254940711462451,0.6272233285675382,0.619633423988895,1.0459109399058963,0.5223385995038468,0.12475046894113971,0.6255311836020497,0.5677521008403361,0.6563156512605042,0.627563555470265,0.029632048129434985,379,0,,
radial_inner_minus_outer__rbf_svm,development_mat_view_candidate,radial_inner_minus_outer,rbf_svm,1012,0.39822134387351776,0.40363732298474947,0.37348984716147415,1.4439023470880044,0.7077484382883836,0.046895730394731786,0.39834083239595053,0.3318671218487395,0.46104355203619907,0.40396483112475756,0.0474298078841151,609,0,,
radial_inner_minus_outer__extra_trees,development_mat_view_candidate,radial_inner_minus_outer,extra_trees,1012,0.33201581027667987,0.33398224741285404,0.33049598343009545,1.6827461574937905,0.7684596271815219,0.12111586138453899,0.3321069241344832,0.27855829831932777,0.41144654977375567,0.3341857476163542,0.04244902452945481,676,0,,
mat_all__shrinkage_lda,development_mat_view_candidate,mat_all,shrinkage_lda,1012,0.7035573122529645,0.7080546194172114,0.7042849969860714,0.8152946067398189,0.40918029629359187,0.04954809156060006,0.7036073615798025,0.6790966386554622,0.7522977941176471,0.7082994555995474,0.023901076264170627,300,0,,
mat_all__logistic_regression,development_mat_view_candidate,mat_all,logistic_regression,1012,0.691699604743083,0.6959082244008714,0.6929559046456839,0.8644631743812301,0.43221594423159165,0.03463720352236689,0.6916791651043619,0.6255302601809956,0.7440257352941176,0.695933661926309,0.03373148055392607,312,0,,
mat_all__rbf_svm,development_mat_view_candidate,mat_all,rbf_svm,1012,0.5128458498023716,0.5195014637799564,0.5018198114375607,1.22917574583236,0.6110241023633248,0.06607965231447899,0.5128655793025871,0.4849406108597285,0.6176824095022625,0.5195173622333549,0.04347320262483905,493,0,,
mat_all__extra_trees,development_mat_view_candidate,mat_all,extra_trees,1012,0.40019762845849804,0.4054330065359477,0.39301286501209576,1.4663211476081164,0.7022466256769845,0.043443237989198545,0.40017654043244594,0.3536481900452489,0.4500494909502262,0.40536623303167424,0.04092773406435754,607,0,,
sg1_plus_mat_all_early__shrinkage_lda,development_mat_view_candidate,sg1_plus_mat_all_early,shrinkage_lda,1012,0.9792490118577075,0.9796645220588236,0.9796708221242221,0.09065366140247312,0.030302763658496455,0.008913325297528689,0.9792604049493814,0.9613970588235294,0.9921875,0.9796645220588236,0.009164055311314194,21,0,,
sg1_plus_mat_all_early__logistic_regression,development_mat_view_candidate,sg1_plus_mat_all_early,logistic_regression,1012,0.9604743083003953,0.9611587690631809,0.9607986185656667,0.16122301530956437,0.06103894143975329,0.005879534497270065,0.9605049368828895,0.9441964285714286,0.984375,0.9612001050420169,0.01329369130126858,40,0,,
sg1_plus_mat_all_early__rbf_svm,development_mat_view_candidate,sg1_plus_mat_all_early,rbf_svm,1012,0.9179841897233202,0.9191006263616558,0.9188114125027113,0.2947286196654419,0.13302898882603867,0.06756069088035083,0.9180493063367079,0.8915441176470589,0.96875,0.9190974466709761,0.024157590534434385,83,0,,
sg1_plus_mat_all_early__extra_trees,development_mat_view_candidate,sg1_plus_mat_all_early,extra_trees,1012,0.8162055335968379,0.8188019131263616,0.8163419539857113,0.6625926581221722,0.3253310986201688,0.20138480605299344,0.81618703912011,0.7674632352941176,0.8754595588235294,0.8188845850840336,0.033256230913897004,186,0,,
sg1_spectral_shrinkage_lda,fixed_spectral_reference,sg1_mean_spectrum,shrinkage_lda,1012,0.9752964426877471,0.9758157169117647,0.9758497182933248,0.10443198175348185,0.040186201785716316,0.013267092966242969,0.9752921509811274,0.9613970588235294,0.9921875,0.9758157169117647,0.011189472071604192,25,0,,
sg1_spectral_logistic_regression,fixed_spectral_reference,sg1_mean_spectrum,logistic_regression,1012,0.9703557312252964,0.9708095043572985,0.9705912214092587,0.14866651034298964,0.05534425608626784,0.014214427652375006,0.9703787026621673,0.9384191176470589,0.984375,0.9708508403361344,0.014618281818568658,30,0,,
sg1_spectral_rbf_svm_group_temperature,fixed_spectral_reference,sg1_mean_spectrum,rbf_svm_group_temperature,1012,0.9476284584980237,0.9483485668572985,0.9480958263563404,0.27030179573990626,0.09928599467671782,0.03363678828549408,0.9476002999625046,0.9223345588235294,0.9676339285714286,0.9483899028361344,0.014180995202565171,53,0,,
sg1_spectral_probability_ensemble,fixed_spectral_reference,sg1_mean_spectrum,equal_probability_ensemble,1012,0.9822134387351779,0.9824133646514162,0.9823958626309626,0.1054694419521023,0.04278948892702784,0.04399102889860949,0.9822053493313336,0.9692095588235294,0.9921875,0.9824547006302522,0.008755156203003003,18,0,,
late_w0.25__morphology__shrinkage_lda,same_oof_late_fusion_exploratory_only,morphology,spectral_ensemble_plus_shrinkage_lda,1012,0.9288537549407114,0.9302534381808278,0.9288206413814983,1.0281616375479492,0.49155243881084476,0.5465362009008748,0.9288760779902512,0.8924632352941176,0.9765625,0.9302947741596639,0.029741433998655583,72,0,0.25,0.75
late_w0.50__morphology__shrinkage_lda,same_oof_late_fusion_exploratory_only,morphology,spectral_ensemble_plus_shrinkage_lda,1012,0.9782608695652174,0.9785071146514162,0.9782057754947774,0.6075911140989537,0.25122588919556293,0.41730182410855676,0.9782605299337583,0.9692095588235294,0.9848345588235294,0.9785484506302522,0.0068593786683060765,22,0,0.5,0.5
late_w0.75__morphology__shrinkage_lda,same_oof_late_fusion_exploratory_only,morphology,spectral_ensemble_plus_shrinkage_lda,1012,0.9802371541501976,0.9804602396514162,0.9804558116334197,0.32053988854482457,0.10163823923429065,0.2317664573284733,0.9802368453943258,0.9692095588235294,0.9848345588235294,0.9805015756302522,0.006983763732653458,20,0,0.75,0.25
late_w0.25__morphology__logistic_regression,same_oof_late_fusion_exploratory_only,morphology,spectral_ensemble_plus_logistic_regression,1012,0.9337944664031621,0.9352511403867102,0.9337749872456577,1.029429034343444,0.4912118447300433,0.5544238650684375,0.93381296087989,0.8924632352941176,0.9774816176470589,0.9352924763655462,0.02679594017260181,67,0,0.25,0.75
late_w0.50__morphology__logistic_regression,same_oof_late_fusion_exploratory_only,morphology,spectral_ensemble_plus_logistic_regression,1012,0.9792490118577075,0.9794836771514162,0.9793112617523005,0.6086055826553692,0.2510637481964246,0.41789659473730606,0.9792525934258218,0.9692095588235294,0.9921875,0.9795250131302522,0.008227159947632925,21,0,0.5,0.5
late_w0.75__morphology__logistic_regression,same_oof_late_fusion_exploratory_only,morphology,spectral_ensemble_plus_logistic_regression,1012,0.9802371541501976,0.9804602396514162,0.9804558116334197,0.32103334904230685,0.10158962959541941,0.23230625032529087,0.9802368453943258,0.9692095588235294,0.9848345588235294,0.9805015756302522,0.006983763732653458,20,0,0.75,0.25
late_w0.25__morphology__rbf_svm,same_oof_late_fusion_exploratory_only,morphology,spectral_ensemble_plus_rbf_svm,1012,0.9693675889328063,0.9698329418572985,0.9689928214754517,1.0522720207436613,0.4932458048352525,0.6089125452600963,0.9693710161229847,0.9540441176470589,0.984375,0.9698742778361344,0.009580164547454521,31,0,0.25,0.75
late_w0.50__morphology__rbf_svm,same_oof_late_fusion_exploratory_only,morphology,spectral_ensemble_plus_rbf_svm,1012,0.9812252964426877,0.9814368021514162,0.9813536440041621,0.621617076678473,0.2521858744551158,0.4287700795940204,0.9812210973628297,0.9692095588235294,0.9921875,0.9814781381302522,0.008065258020943383,19,0,0.5,0.5
late_w0.75__morphology__rbf_svm,same_oof_late_fusion_exploratory_only,morphology,spectral_ensemble_plus_rbf_svm,1012,0.9822134387351779,0.9824133646514162,0.9823958626309626,0.3267568334729305,0.10203376915237426,0.23753954733176097,0.9822053493313336,0.9692095588235294,0.9921875,0.9824547006302522,0.008755156203003003,18,0,0.75,0.25
late_w0.25__morphology__extra_trees,same_oof_late_fusion_exploratory_only,morphology,spectral_ensemble_plus_extra_trees,1012,0.9219367588932806,0.9235898352396514,0.9217067545914894,1.0383115906328741,0.4989149007230723,0.5457357759356192,0.9219472565929259,0.8920036764705882,0.9618566176470589,0.9236311712184875,0.02516392347196138,79,0,0.25,0.75
late_w0.50__morphology__extra_trees,same_oof_late_fusion_exploratory_only,morphology,spectral_ensemble_plus_extra_trees,1012,0.9792490118577075,0.9795411220043573,0.979416450811671,0.6126558348473189,0.2544916911985826,0.4206214909449483,0.9792525934258218,0.9618566176470589,0.9848345588235294,0.9795824579831933,0.00890246585224995,21,0,0.5,0.5
late_w0.75__morphology__extra_trees,same_oof_late_fusion_exploratory_only,morphology,spectral_ensemble_plus_extra_trees,1012,0.9802371541501976,0.9806985294117647,0.9805630159187521,0.32306048850191577,0.1024498872665678,0.23179468926832217,0.9802368453943258,0.9618566176470589,0.9921875,0.9806985294117647,0.009929631071719852,20,0,0.75,0.25
late_w0.25__foreground_std__shrinkage_lda,same_oof_late_fusion_exploratory_only,foreground_std,spectral_ensemble_plus_shrinkage_lda,1012,0.8764822134387352,0.878487115332244,0.8758482848141471,0.6097326094917418,0.30604137222234645,0.269029219729514,0.8765154355705537,0.8290441176470589,0.9223345588235294,0.8784839356415644,0.0312543945015778,125,0,0.25,0.75
late_w0.50__foreground_std__shrinkage_lda,same_oof_late_fusion_exploratory_only,foreground_std,spectral_ensemble_plus_shrinkage_lda,1012,0.9703557312252964,0.9707520595043573,0.9707340245358203,0.39303596017721576,0.1666388842761343,0.26154757150451496,0.9703708911386077,0.9540441176470589,0.984375,0.9707933954831933,0.009622809853540942,30,0,0.5,0.5
late_w0.75__foreground_std__shrinkage_lda,same_oof_late_fusion_exploratory_only,foreground_std,spectral_ensemble_plus_shrinkage_lda,1012,0.9772727272727273,0.9775879970043573,0.9775890304320276,0.2316509614628481,0.07888825651102808,0.15448236168287213,0.9772762779652544,0.9613970588235294,0.9848345588235294,0.9776293329831933,0.010236650557715768,23,0,0.75,0.25
late_w0.25__foreground_std__logistic_regression,same_oof_late_fusion_exploratory_only,foreground_std,spectral_ensemble_plus_logistic_regression,1012,0.8893280632411067,0.8910100932734204,0.8887454466342476,0.6251372814001955,0.30955605712949075,0.29760714837684993,0.8893732033495813,0.8524816176470589,0.9227941176470589,0.8910069135827408,0.026555187156640576,112,0,0.25,0.75
late_w0.50__foreground_std__logistic_regression,same_oof_late_fusion_exploratory_only,foreground_std,spectral_ensemble_plus_logistic_regression,1012,0.9723320158102767,0.9727051845043573,0.972600134870566,0.40265647899006013,0.16826309338883386,0.2729291741664582,0.9723393950756156,0.9540441176470589,0.984375,0.9727465204831933,0.009878306090221061,28,0,0.5,0.5
late_w0.75__foreground_std__logistic_regression,same_oof_late_fusion_exploratory_only,foreground_std,spectral_ensemble_plus_logistic_regression,1012,0.9762845849802372,0.9766114345043573,0.9765297137183959,0.23609309316755048,0.07934090398801288,0.1578745162279114,0.9762842144731909,0.9613970588235294,0.9848345588235294,0.9766527704831933,0.009867173694822812,24,0,0.75,0.25
late_w0.25__foreground_std__rbf_svm,same_oof_late_fusion_exploratory_only,foreground_std,spectral_ensemble_plus_rbf_svm,1012,0.9140316205533597,0.9147752416938998,0.9142042050066485,0.7970554435420248,0.3957064041567443,0.4266696610719307,0.9141279215098113,0.8607536764705882,0.9535845588235294,0.9149405856092437,0.03203154799839889,87,0,0.25,0.75
late_w0.50__foreground_std__rbf_svm,same_oof_late_fusion_exploratory_only,foreground_std,spectral_ensemble_plus_rbf_svm,1012,0.9733201581027668,0.9736817470043573,0.9736875792769397,0.49601444556024665,0.20842532259505248,0.3400927617122762,0.9733314585676791,0.9462316176470589,0.9848345588235294,0.9737230829831933,0.013507657106438855,27,0,0.5,0.5
late_w0.75__foreground_std__rbf_svm,same_oof_late_fusion_exploratory_only,foreground_std,spectral_ensemble_plus_rbf_svm,1012,0.9772727272727273,0.9775879970043573,0.9774821472996105,0.2766039516102293,0.09078635085181365,0.19159279574822127,0.9772762779652544,0.9540441176470589,0.9848345588235294,0.9776293329831933,0.011009170257872883,23,0,0.75,0.25
late_w0.25__foreground_std__extra_trees,same_oof_late_fusion_exploratory_only,foreground_std,spectral_ensemble_plus_extra_trees,1012,0.7905138339920948,0.7921113323801743,0.7919166816368048,0.82225882874719,0.4260388506399538,0.29085983890067957,0.7905105611798524,0.7156391402714932,0.8428662330316742,0.7920477385665805,0.03723565873166981,212,0,0.25,0.75
late_w0.50__foreground_std__extra_trees,same_oof_late_fusion_exploratory_only,foreground_std,spectral_ensemble_plus_extra_trees,1012,0.9733201581027668,0.9736243021514162,0.9737317751646168,0.5036005703067112,0.2215839253690417,0.3423779277680703,0.9733314585676791,0.9613970588235294,0.984375,0.9736656381302522,0.010621741966390165,27,0,0.5,0.5
late_w0.75__foreground_std__extra_trees,same_oof_late_fusion_exploratory_only,foreground_std,spectral_ensemble_plus_extra_trees,1012,0.9792490118577075,0.9794836771514162,0.9794661304267969,0.2782533824826289,0.09383413813139972,0.19496274973280112,0.9792447819022623,0.9613970588235294,0.9910714285714286,0.9795250131302522,0.011419569232865114,21,0,0.75,0.25
late_w0.25__foreground_iqr__shrinkage_lda,same_oof_late_fusion_exploratory_only,foreground_iqr,spectral_ensemble_plus_shrinkage_lda,1012,0.8073122529644269,0.8096086090686274,0.809072560720713,0.8576483879743287,0.4392402838730179,0.32310865105253644,0.8073522059742532,0.758797268907563,0.8410633484162896,0.8096372262847447,0.026454984243700044,195,0,0.25,0.75
late_w0.50__foreground_iqr__shrinkage_lda,same_oof_late_fusion_exploratory_only,foreground_iqr,spectral_ensemble_plus_shrinkage_lda,1012,0.9703557312252964,0.9708095043572985,0.9707906382343389,0.5222160805106755,0.22772025424318576,0.3505771028665832,0.9703708911386077,0.9609375,0.984375,0.9708508403361344,0.007838111662545926,30,0,0.5,0.5
late_w0.75__foreground_iqr__shrinkage_lda,same_oof_late_fusion_exploratory_only,foreground_iqr,spectral_ensemble_plus_shrinkage_lda,1012,0.9792490118577075,0.9795411220043573,0.9795181308284195,0.2862833949569357,0.0955699892611891,0.20099259672987213,0.9792525934258218,0.9618566176470589,0.9910714285714286,0.9795824579831933,0.009705734565428736,21,0,0.75,0.25
late_w0.25__foreground_iqr__logistic_regression,same_oof_late_fusion_exploratory_only,foreground_iqr,spectral_ensemble_plus_logistic_regression,1012,0.7974308300395256,0.7996536288126361,0.7985229541400363,0.865521824766916,0.44219136843061624,0.31743773953623344,0.7974550056242969,0.7735031512605042,0.8451286764705882,0.7997649179864252,0.022917669691302857,205,0,0.25,0.75
late_w0.50__foreground_iqr__logistic_regression,same_oof_late_fusion_exploratory_only,foreground_iqr,spectral_ensemble_plus_logistic_regression,1012,0.9723320158102767,0.9727051845043573,0.9726895670372526,0.5256057850911002,0.2290555211448874,0.3551522276877657,0.9723393950756156,0.9609375,0.9910714285714286,0.9727465204831933,0.010587194502775026,28,0,0.5,0.5
late_w0.75__foreground_iqr__logistic_regression,same_oof_late_fusion_exploratory_only,foreground_iqr,spectral_ensemble_plus_logistic_regression,1012,0.9782608695652174,0.9785645595043573,0.9784588141147879,0.28735899358820144,0.09592156131035792,0.20129672200900275,0.9782605299337583,0.9618566176470589,0.9910714285714286,0.9786058954831933,0.009546362634817306,22,0,0.75,0.25
late_w0.25__foreground_iqr__rbf_svm,same_oof_late_fusion_exploratory_only,foreground_iqr,spectral_ensemble_plus_rbf_svm,1012,0.9604743083003953,0.961216213916122,0.9609963831851006,0.9339383020356767,0.45308192645942796,0.5483358503201408,0.9604502562179728,0.9384191176470589,0.9832589285714286,0.961257549894958,0.016618994499429243,40,0,0.25,0.75
late_w0.50__foreground_iqr__rbf_svm,same_oof_late_fusion_exploratory_only,foreground_iqr,spectral_ensemble_plus_rbf_svm,1012,0.9812252964426877,0.9814368021514162,0.9814158115030696,0.5651881528623857,0.2344444464852418,0.3945750517039634,0.9812210973628297,0.9613970588235294,0.9921875,0.9814781381302522,0.010669920493890862,19,0,0.5,0.5
late_w0.75__foreground_iqr__rbf_svm,same_oof_late_fusion_exploratory_only,foreground_iqr,spectral_ensemble_plus_rbf_svm,1012,0.9822134387351779,0.9824133646514162,0.9823958626309626,0.30474748076523317,0.09768030064110844,0.22111728109403272,0.9822053493313336,0.9692095588235294,0.9921875,0.9824547006302522,0.008755156203003003,18,0,0.75,0.25
late_w0.25__foreground_iqr__extra_trees,same_oof_late_fusion_exploratory_only,foreground_iqr,spectral_ensemble_plus_extra_trees,1012,0.8488142292490118,0.850164675245098,0.849105428559471,0.9426148947985052,0.4712392698075332,0.42325617547474326,0.8487923384576928,0.7797400210084033,0.9053662330316742,0.8501932924612152,0.04417374404432494,153,0,0.25,0.75
late_w0.50__foreground_iqr__extra_trees,same_oof_late_fusion_exploratory_only,foreground_iqr,spectral_ensemble_plus_extra_trees,1012,0.9782608695652174,0.9785645595043573,0.9786211655835368,0.5661273049228943,0.24227928241290517,0.389200681059873,0.9782449068866392,0.9692095588235294,0.9910714285714286,0.9786058954831933,0.007698887518117952,22,0,0.5,0.5
late_w0.75__foreground_iqr__extra_trees,same_oof_late_fusion_exploratory_only,foreground_iqr,spectral_ensemble_plus_extra_trees,1012,0.9822134387351779,0.9824133646514162,0.9823958626309626,0.30473400748150675,0.09946268878607005,0.21933646068106483,0.9822053493313336,0.9692095588235294,0.9921875,0.9824547006302522,0.008755156203003003,18,1,0.75,0.25
late_w0.25__radial_inner_minus_outer__shrinkage_lda,same_oof_late_fusion_exploratory_only,radial_inner_minus_outer,spectral_ensemble_plus_shrinkage_lda,1012,0.8992094861660079,0.9007672079248366,0.8990553958169054,0.6496260602913894,0.3218895528110113,0.32665746000788076,0.8992157230346207,0.853203781512605,0.9453125,0.9007195125646412,0.033312216588642904,102,0,0.25,0.75
late_w0.50__radial_inner_minus_outer__shrinkage_lda,same_oof_late_fusion_exploratory_only,radial_inner_minus_outer,spectral_ensemble_plus_shrinkage_lda,1012,0.9752964426877471,0.9756348720043573,0.9757051611479937,0.41645677197436054,0.17384542320786148,0.28746061485712093,0.9752921509811274,0.9613970588235294,0.9848345588235294,0.9756762079831933,0.008503295619061014,25,0,0.5,0.5
late_w0.75__radial_inner_minus_outer__shrinkage_lda,same_oof_late_fusion_exploratory_only,radial_inner_minus_outer,spectral_ensemble_plus_shrinkage_lda,1012,0.9792490118577075,0.9794836771514162,0.9794908434697318,0.242141857750959,0.080812068579867,0.16695148205951105,0.9792525934258218,0.9613970588235294,0.9910714285714286,0.9795250131302522,0.009826247008228553,21,0,0.75,0.25
late_w0.25__radial_inner_minus_outer__logistic_regression,same_oof_late_fusion_exploratory_only,radial_inner_minus_outer,spectral_ensemble_plus_logistic_regression,1012,0.9120553359683794,0.9132986962145969,0.9114936681064911,0.6561230027051514,0.3204007549210783,0.34545279019356295,0.9120266216722909,0.8915441176470589,0.9457720588235294,0.9132955165239173,0.020289470901332738,89,0,0.25,0.75
late_w0.50__radial_inner_minus_outer__logistic_regression,same_oof_late_fusion_exploratory_only,radial_inner_minus_outer,spectral_ensemble_plus_logistic_regression,1012,0.9752964426877471,0.9756348720043573,0.9757051611479937,0.4210606983045969,0.1731632882973523,0.2904004280843564,0.9752921509811274,0.9613970588235294,0.9848345588235294,0.9756762079831933,0.008503295619061014,25,0,0.5,0.5
late_w0.75__radial_inner_minus_outer__logistic_regression,same_oof_late_fusion_exploratory_only,radial_inner_minus_outer,spectral_ensemble_plus_logistic_regression,1012,0.9792490118577075,0.9794836771514162,0.9794908434697318,0.24466665530073306,0.08062619963266879,0.16869448138455068,0.9792525934258218,0.9613970588235294,0.9910714285714286,0.9795250131302522,0.009826247008228553,21,0,0.75,0.25
late_w0.25__radial_inner_minus_outer__rbf_svm,same_oof_late_fusion_exploratory_only,radial_inner_minus_outer,spectral_ensemble_plus_rbf_svm,1012,0.9278656126482213,0.9286854064542484,0.9275232155087625,0.857299921682391,0.4269753553492846,0.4788309674462705,0.9278918260217472,0.8748030462184874,0.9535845588235294,0.928637711094053,0.024072481127069983,73,0,0.25,0.75
late_w0.50__radial_inner_minus_outer__rbf_svm,same_oof_late_fusion_exploratory_only,radial_inner_minus_outer,spectral_ensemble_plus_rbf_svm,1012,0.9812252964426877,0.9814942470043573,0.9814677065389683,0.527068667081276,0.22255783614269226,0.3715169193901348,0.9812210973628297,0.9692095588235294,0.9921875,0.9815355829831933,0.009048091877627484,19,0,0.5,0.5
late_w0.75__radial_inner_minus_outer__rbf_svm,same_oof_late_fusion_exploratory_only,radial_inner_minus_outer,spectral_ensemble_plus_rbf_svm,1012,0.9812252964426877,0.9814368021514162,0.9814439684697318,0.2889914746998282,0.09449588066860666,0.2072988523893884,0.9812210973628297,0.9692095588235294,0.9921875,0.9814781381302522,0.008065258020943383,19,0,0.75,0.25
late_w0.25__radial_inner_minus_outer__extra_trees,same_oof_late_fusion_exploratory_only,radial_inner_minus_outer,spectral_ensemble_plus_extra_trees,1012,0.7519762845849802,0.7531126599945533,0.7506318317888612,0.8831769554499646,0.46080943295807003,0.2797135133115792,0.7519763154605674,0.716522907239819,0.7813156512605042,0.7532112304056238,0.02086897970684669,251,0,0.25,0.75
late_w0.50__radial_inner_minus_outer__extra_trees,same_oof_late_fusion_exploratory_only,radial_inner_minus_outer,spectral_ensemble_plus_extra_trees,1012,0.9713438735177866,0.9717860668572985,0.9713821102974052,0.5338783644968258,0.2373143451745037,0.3609208139119129,0.9713629546306712,0.9462316176470589,0.9921875,0.9718274028361344,0.015256274487885357,29,0,0.5,0.5
late_w0.75__radial_inner_minus_outer__extra_trees,same_oof_late_fusion_exploratory_only,radial_inner_minus_outer,spectral_ensemble_plus_extra_trees,1012,0.9812252964426877,0.9814368021514162,0.9814403893775034,0.2905960050404482,0.09797436383082295,0.20769156527586458,0.9812289088863893,0.9613970588235294,0.9921875,0.9814781381302522,0.010786029585222687,19,0,0.75,0.25
late_w0.25__mat_all__shrinkage_lda,same_oof_late_fusion_exploratory_only,mat_all,spectral_ensemble_plus_shrinkage_lda,1012,0.8270750988142292,0.8295760144335512,0.8279765117097619,0.46603722586478885,0.2536166775795975,0.09538396001249283,0.8271466066741657,0.7808560924369747,0.9145220588235294,0.8297826943277311,0.039577960736766525,175,0,0.25,0.75
late_w0.50__mat_all__shrinkage_lda,same_oof_late_fusion_exploratory_only,mat_all,spectral_ensemble_plus_shrinkage_lda,1012,0.9664031620553359,0.9669606992102396,0.9668915865280601,0.30612311192154434,0.14069700344717206,0.18703250256958634,0.966449506311711,0.9457720588235294,0.984375,0.9670020351890756,0.01518761069315688,34,0,0.5,0.5
late_w0.75__mat_all__shrinkage_lda,same_oof_late_fusion_exploratory_only,mat_all,spectral_ensemble_plus_shrinkage_lda,1012,0.9772727272727273,0.9775879970043573,0.9775026392399528,0.19146373368202171,0.0704212738963155,0.11952128243611793,0.9772762779652544,0.9618566176470589,0.9848345588235294,0.9776293329831933,0.008422445217589938,23,0,0.75,0.25
late_w0.25__mat_all__logistic_regression,same_oof_late_fusion_exploratory_only,mat_all,spectral_ensemble_plus_logistic_regression,1012,0.8330039525691699,0.8354438997821351,0.8328526823195217,0.5067157379631625,0.2667218853177101,0.13748601409646463,0.8330130608673916,0.811186974789916,0.8910845588235294,0.835609243697479,0.028093457973471247,169,0,0.25,0.75
late_w0.50__mat_all__logistic_regression,same_oof_late_fusion_exploratory_only,mat_all,spectral_ensemble_plus_logistic_regression,1012,0.9713438735177866,0.9717860668572985,0.9716087128212313,0.3303854929711176,0.14665278979565555,0.2141595176712145,0.9713707661542308,0.9540441176470589,0.9921875,0.9718274028361344,0.01219420251434158,29,0,0.5,0.5
late_w0.75__mat_all__logistic_regression,same_oof_late_fusion_exploratory_only,mat_all,spectral_ensemble_plus_logistic_regression,1012,0.9782608695652174,0.9785645595043573,0.9784551920377333,0.20258809042851011,0.07200865766542813,0.13139043321830743,0.9782605299337583,0.9618566176470589,0.9910714285714286,0.9786058954831933,0.009546362634817306,22,0,0.75,0.25
late_w0.25__mat_all__rbf_svm,same_oof_late_fusion_exploratory_only,mat_all,spectral_ensemble_plus_rbf_svm,1012,0.9031620553359684,0.9046904786220044,0.9034757259117114,0.75039107814406,0.3717709408986923,0.3869800422975824,0.9031996000499938,0.8377757352941176,0.9457720588235294,0.9047318146008403,0.03152587782074066,98,0,0.25,0.75
late_w0.50__mat_all__rbf_svm,same_oof_late_fusion_exploratory_only,mat_all,spectral_ensemble_plus_rbf_svm,1012,0.974308300395257,0.9747157543572985,0.9746009583967487,0.46989682689666634,0.19731411817109862,0.3237171717123502,0.9743078990126235,0.9613970588235294,0.984375,0.9747570903361344,0.008672429630792339,26,0,0.5,0.5
late_w0.75__mat_all__rbf_svm,same_oof_late_fusion_exploratory_only,mat_all,spectral_ensemble_plus_rbf_svm,1012,0.9782608695652174,0.9785645595043573,0.9784588141147879,0.2645798924322584,0.08765363418054382,0.18356337424548108,0.9782605299337583,0.9618566176470589,0.9848345588235294,0.9786058954831933,0.008728439399534965,22,0,0.75,0.25
late_w0.25__mat_all__extra_trees,same_oof_late_fusion_exploratory_only,mat_all,spectral_ensemble_plus_extra_trees,1012,0.8468379446640316,0.848564729711329,0.8471656801263681,0.8355500244517546,0.42371472080229045,0.3694298444824059,0.8468238345206849,0.7716699660633484,0.8841911764705882,0.8484661593002585,0.04228831549117384,155,0,0.25,0.75
late_w0.50__mat_all__extra_trees,same_oof_late_fusion_exploratory_only,mat_all,spectral_ensemble_plus_extra_trees,1012,0.9733201581027668,0.9736817470043573,0.9735688887216191,0.5139334414171315,0.22096122971906623,0.35100145522441684,0.9733236470441196,0.9462316176470589,0.9910714285714286,0.9737230829831933,0.014537048186200432,27,0,0.5,0.5
late_w0.75__mat_all__extra_trees,same_oof_late_fusion_exploratory_only,mat_all,spectral_ensemble_plus_extra_trees,1012,0.9792490118577075,0.9794836771514162,0.9794661304267969,0.28363762989461744,0.09398615242731205,0.19897371132961497,0.9792447819022623,0.9613970588235294,0.9910714285714286,0.9795250131302522,0.011419569232865114,21,0,0.75,0.25
