direction,sample_id,true_label,predicted_label,proba_0,proba_1,proba_2,proba_3,proba_4,proba_5,proba_6,proba_7
cube1_to_cube2,0-2/6,0,0,0.999999914670386,3.4385697507772314e-48,1.5121127316519879e-33,8.532961417556338e-08,9.58360347910926e-30,1.1168565055587336e-42,5.824338216513843e-40,8.266851793641738e-35
cube1_to_cube2,0-2/8,0,0,0.9999995924944025,1.857961395691468e-46,1.4550436797825143e-31,4.075055974124579e-07,2.637092494359781e-29,4.715607806048282e-39,8.466266278365198e-38,2.4992595820491286e-32
cube1_to_cube2,0-2/11,0,0,0.9999670586963384,4.92852990919885e-45,3.291162849979231e-33,3.2941303661486535e-05,3.458841741297447e-30,3.4865071865989485e-41,3.3962098778547954e-37,3.988209800844397e-32
cube1_to_cube2,0-2/17,0,0,0.999999987942554,6.6584636516907376e-52,7.861043902340459e-37,1.2057446007687573e-08,9.762668825942789e-32,1.7893537938912296e-46,2.594606270782293e-43,1.8878269165141452e-36
cube1_to_cube2,0-2/20,0,0,0.9998177772378267,9.795115362331944e-42,1.4291628812157936e-29,0.00018222276217323195,2.1980126203152126e-26,3.444791299710393e-37,1.904986701380947e-32,4.1570703342357746e-27
cube1_to_cube2,0-2/36,0,0,0.9997545639483754,1.3778812305019424e-43,2.913008421584134e-31,0.00024543605162463894,8.411740903205637e-30,4.052428180136866e-39,8.682151775588731e-36,2.9439084369109148e-30
cube1_to_cube2,0-2/37,0,0,0.9999405743228211,5.728012617570546e-44,5.38166627193516e-33,5.942567717889643e-05,1.3053193665427193e-29,3.8188150468806053e-39,2.165982740442835e-36,1.4691304691092465e-31
cube1_to_cube2,0-2/43,0,0,0.9999063167531899,2.3046441599598068e-45,1.8267022135374498e-35,9.368324681013474e-05,2.382247098775474e-31,8.369553312033862e-41,1.4601624524357167e-37,4.5233750089186324e-32
cube1_to_cube2,0-2/48,0,0,0.9995916931592885,2.3509369150855334e-40,4.2851465636079014e-30,0.000408306840711566,4.699064603080868e-27,2.0540061393873363e-35,7.933311438786756e-32,5.810623634693213e-29
cube1_to_cube2,0-2/52,0,0,0.9999580173925685,4.19145519209032e-48,5.962239928136838e-39,4.198260743143752e-05,8.912827296175552e-35,2.6094576084061652e-43,9.071393369368647e-40,1.3590580542378554e-33
cube1_to_cube2,0-2/62,0,0,0.9999978108327306,1.0539300303045835e-48,1.4500588040430425e-37,2.1891672694868397e-06,2.8377209494136406e-33,1.9241531706413485e-43,8.874156533644104e-41,2.21015828563173e-34
cube1_to_cube2,0-2/66,0,0,0.9998931103053962,4.708977557326595e-43,3.2881002731663145e-35,0.0001068896946039095,1.6543405532280593e-32,5.914422277045484e-37,1.2966243165444323e-36,4.7789466963598434e-30
cube1_to_cube2,0-2/67,0,0,0.9996009967815604,2.018948993845228e-43,3.339540485348898e-34,0.00039900321843952524,4.818464688625997e-31,1.6097174119974893e-40,2.9504525512745407e-37,6.516071578557695e-33
cube1_to_cube2,0-2/71,0,0,0.999999627127244,8.809241843057245e-49,1.17216738749013e-37,3.72872756042177e-07,2.5158173707983233e-32,1.7319301781071678e-43,7.341493221157617e-40,2.9415245566302907e-34
cube1_to_cube2,0-2/73,0,0,0.9999995039350886,9.57066281209998e-43,5.8993788433279615e-31,4.960649112303226e-07,4.9293100781003153e-26,8.216868183046325e-38,2.762178288024067e-34,1.775744409745324e-25
cube1_to_cube2,0-2/74,0,0,0.9999585110293481,3.499383251123873e-42,3.2791974320791212e-31,4.148897065202265e-05,1.3261561394319813e-27,3.3840839382372e-38,5.299341483856747e-35,4.3678606840896034e-30
cube1_to_cube2,1-2/11,1,1,3.601954196666647e-50,0.9992498588103177,1.8382878439776763e-10,9.19718669947716e-42,1.48700380978962e-11,0.0003046240949661998,0.0004453785310695749,1.3836494763153088e-07
cube1_to_cube2,1-2/12,1,1,1.6780223796269879e-44,0.9997371293572486,6.925165191600689e-10,3.8649262234625816e-35,1.70509063606693e-11,3.391917277059766e-05,0.00022894199907394616,8.761339436454173e-09
cube1_to_cube2,1-2/19,1,1,3.3220793954627197e-47,0.9916255197381463,1.878051539365327e-10,9.32353563702112e-38,4.4415408393875035e-12,0.0017058069280936172,0.006668336796866354,3.3634464708329757e-07
cube1_to_cube2,1-2/23,1,1,2.2274924414740677e-51,0.9893516745148805,4.142819642129439e-09,3.011427960542932e-42,5.427798527273156e-12,0.008979207275903471,0.0016690978993572773,1.6161611228742873e-08
cube1_to_cube2,1-2/26,1,1,7.352583125906798e-45,0.9965155305416886,2.834807619579926e-08,2.837979214804466e-37,9.467896603637487e-10,0.001164929374623326,0.0023180075501942946,1.5032386279134773e-06
cube1_to_cube2,1-2/31,1,1,1.7853275534048278e-48,0.9972291961142784,1.308496859907967e-09,1.1319834826225324e-39,3.74166968941655e-11,0.00027643481610147464,0.002494279370509102,8.8353197487946e-08
cube1_to_cube2,1-2/32,1,1,2.873028102647627e-47,0.9997453493115361,1.9320356735835815e-10,1.936946617104615e-38,2.7456594458166345e-12,0.0001308524307005274,0.00012379046127115447,7.600543075301715e-09
cube1_to_cube2,1-2/35,1,1,3.02353749138518e-46,0.9991565589175264,2.0093982940138442e-11,5.142806723181548e-36,4.245190039645624e-13,2.819799753916937e-05,0.0008152411660711583,1.8983446356850833e-09
cube1_to_cube2,1-2/40,1,1,8.888608229470762e-43,0.9899835828820891,8.114360460414147e-09,3.3964126034650984e-32,6.723873186615888e-11,2.4202563968772927e-05,0.009992067493027109,1.3887931601469477e-07
cube1_to_cube2,1-2/44,1,1,9.395354983108396e-50,0.9984864059309252,6.785732690219444e-09,1.0745505302656796e-40,7.472922594079774e-10,1.9358044655743648e-05,0.0014942167969032127,1.1694490770304282e-08
cube1_to_cube2,1-2/45,1,1,4.130731758467853e-51,0.9981832106683619,8.155400842652843e-13,9.461696005252303e-42,4.718658195483871e-15,0.0017456109315710992,7.11306875131944e-05,4.771173336298486e-08
cube1_to_cube2,1-2/48,1,1,5.124633894483652e-44,0.9051679421492246,5.547246461329121e-12,5.312451024181117e-34,1.4169102517513352e-12,0.04090563745108049,0.053885768431936,4.065196079476356e-05
cube1_to_cube2,1-2/55,1,1,2.7179011297465674e-47,0.9960081700537619,9.975837219603815e-09,1.1248303185994951e-38,1.9593369629317623e-10,7.274849260735798e-05,0.003919056416688071,1.4865171790846932e-08
cube1_to_cube2,1-2/64,1,1,1.4369355862345099e-52,0.9998941809888352,3.74942566804782e-10,4.1478512409886576e-43,2.802402058354921e-12,4.488647752773846e-06,0.00010132980042135446,1.8524562353619323e-10
cube1_to_cube2,1-2/66,1,1,1.2015412152211589e-50,0.9998981235806572,2.8135013198290118e-09,8.310228795580835e-42,6.600426286051205e-11,5.9901026994474665e-06,9.587964411007622e-05,3.793027850167296e-09
cube1_to_cube2,1-2/79,1,1,1.6846180110962795e-47,0.9770054641319592,1.6799421919254876e-08,4.142990528698731e-38,6.724942521363068e-10,5.164056382337551e-05,0.022942826153747438,5.167855384547058e-08
cube1_to_cube2,2-2/1,2,4,6.345680335148184e-36,9.288875220492284e-11,0.14901912070214615,5.161223231990342e-38,0.8509808773810608,3.5715759965621923e-11,1.736814222389243e-09,5.1374240614745494e-11
cube1_to_cube2,2-2/7,2,2,1.446386788299926e-36,1.1939603360014947e-08,0.9948426373352257,5.9071046636700496e-36,0.00515706542658362,2.498335411072355e-08,2.602936384845187e-07,2.159485387118177e-11
cube1_to_cube2,2-2/18,2,2,2.1183118992119657e-26,1.8395212631397735e-05,0.9978602014002698,8.59775225523537e-24,0.0020892973124677196,2.2467617665819784e-06,2.9856329380212494e-05,2.9834842729953024e-09
cube1_to_cube2,2-2/25,2,2,7.50223497728161e-36,0.01032213797347997,0.7732326742771913,7.217044904896651e-34,0.000592995414925638,0.2150615518251945,0.0007905047384714326,1.3577073718138335e-07
cube1_to_cube2,2-2/26,2,4,3.7845664780246673e-20,1.2241285923149052e-12,0.02731582842769948,1.5957758677518006e-23,0.9726841067523764,8.677914713563069e-11,1.7649128444800027e-11,6.471427192693363e-08
cube1_to_cube2,2-2/28,2,2,8.911389674658007e-31,0.007055725804939917,0.9089770586205995,1.0869930612701746e-28,0.06287722531055387,0.01638104189437012,0.004704619510874266,4.328858662273345e-06
cube1_to_cube2,2-2/34,2,4,9.842550280863818e-26,1.3252266373738603e-09,0.018502342737829424,7.608189470057396e-28,0.98149758137162,8.100152067873209e-10,4.5154320420824224e-08,2.8600988321204084e-08
cube1_to_cube2,2-2/36,2,2,4.4666519045043734e-35,0.0113635762521213,0.6009295350450109,7.579700478072578e-33,0.3619394864707443,0.0034348416249184,0.022329831066980218,2.729540224924224e-06
cube1_to_cube2,2-2/39,2,2,1.8706875811127433e-37,1.635465136803098e-11,0.9610497971040345,1.4839465366122162e-38,0.038949310986545256,8.086670339727691e-11,1.678105443860927e-10,8.916443882886428e-07
cube1_to_cube2,2-2/41,2,4,3.037389075148174e-32,5.256308573982979e-09,0.020865329747180094,3.3774807545446066e-33,0.9791345736640044,1.3636838297548466e-10,8.251770940168318e-08,8.678429201581893e-09
cube1_to_cube2,2-2/43,2,2,1.2595072703340273e-31,1.9762737782656123e-05,0.99983852977605,7.649390754569033e-27,7.769044768102963e-05,3.0927240741423586e-06,6.092429822455879e-05,1.61875892070071e-11
cube1_to_cube2,2-2/50,2,4,7.089924835464958e-33,1.0167314776792898e-06,0.04086341012050446,6.079102865952493e-33,0.9590891405871764,2.697778437703384e-06,4.3151764366706927e-05,5.830180371191933e-07
cube1_to_cube2,2-2/54,2,2,6.595305851758374e-38,0.0064542130123049065,0.9895815305826241,3.5781926489430905e-36,0.003792620369477412,0.000130559996186794,4.067906724761502e-05,3.969721593726738e-07
cube1_to_cube2,2-2/65,2,2,1.3829683985126455e-31,2.181064920299573e-08,0.9985411365615099,7.2422515603581545e-31,0.0014588065089760204,9.824958889115314e-09,2.5289267704776038e-08,4.6382427050797216e-12
cube1_to_cube2,2-2/75,2,4,8.261892601306765e-33,0.00012450704232524123,0.056789967622642844,1.7339273207231184e-32,0.9430345110133157,4.280175910868538e-05,7.472646607042436e-06,7.399160006464135e-07
cube1_to_cube2,2-2/80,2,2,1.4490542103896309e-27,5.953578807203071e-10,0.9743792777615756,3.8826596097140423e-29,0.02561955238443708,1.2640332589048034e-09,2.1441710401771227e-09,1.1658504253119764e-06
cube1_to_cube2,3-2/1,3,0,0.5678578249688417,1.3849402575034324e-27,4.214768513311507e-21,0.4321421750311583,4.948913785884603e-19,1.4957606838693286e-23,5.154525759210018e-21,4.773705264507286e-21
cube1_to_cube2,3-2/3,3,0,0.8738054717639042,6.913943953993364e-30,2.946935319563251e-20,0.12619452823609573,1.4173555869468005e-17,1.1351322763254782e-25,8.782352192065659e-21,4.2467448803904373e-19
cube1_to_cube2,3-2/8,3,3,0.17578437934130425,3.415728270442555e-38,4.8965266373803305e-30,0.8242156206586957,1.3988470863766292e-28,9.906779369156861e-36,1.0306079724822483e-31,3.8188791296696524e-31
cube1_to_cube2,3-2/9,3,3,0.06712168079944483,1.474559969177078e-35,1.5960920078017706e-29,0.9328783192005552,3.1256962175933225e-27,3.0738121301046444e-34,4.7411817794898675e-29,4.804130645713701e-27
cube1_to_cube2,3-2/17,3,3,9.847168661165187e-05,7.92572378251581e-27,3.723217509899792e-22,0.9999015283133883,7.66595573417445e-23,2.767106389953222e-24,6.327716085206522e-21,6.627764660198337e-21
cube1_to_cube2,3-2/23,3,3,9.791964112533894e-06,2.216739489891737e-30,6.171483658929611e-26,0.9999902080358876,4.6434655436135357e-26,1.16130096276681e-30,4.489281453834713e-25,8.3916325383028e-29
cube1_to_cube2,3-2/24,3,3,0.1584036188086379,2.7221921003897937e-37,7.337277876476988e-30,0.841596381191362,2.1813037832177315e-28,9.530444550330647e-35,6.95052307948549e-30,7.129998156851961e-26
cube1_to_cube2,3-2/26,3,3,0.00012068389091139034,4.881450543583158e-32,8.146965789189626e-27,0.9998793161090886,7.105471992728777e-26,1.8348140619425266e-31,2.3850674309552824e-25,1.2194084760385277e-25
cube1_to_cube2,3-2/33,3,3,3.1606089259538025e-07,3.4785673267037295e-34,1.042992111613852e-33,0.9999996839391074,2.2988463749416895e-31,7.164454030461513e-36,2.308472105249796e-28,4.385079044181638e-30
cube1_to_cube2,3-2/46,3,3,0.25735581362701154,2.718229394929726e-29,3.615429725462987e-20,0.7426441863729885,1.0318902209671425e-19,2.902612442192545e-27,6.81177506384535e-23,1.455189652096099e-21
cube1_to_cube2,3-2/61,3,3,0.0017247788482403893,1.1630430949157165e-27,1.546334735811975e-25,0.9982752211517595,2.0499770040097571e-22,6.2549902447487035e-27,8.54011682468388e-22,9.913158984250229e-21
cube1_to_cube2,3-2/63,3,3,0.0016050969221462282,6.758877158411635e-35,9.656097011984816e-29,0.9983949030778537,1.7995032008038356e-28,7.40045471043018e-32,3.83266112954496e-27,4.013882209773872e-30
cube1_to_cube2,3-2/71,3,3,0.29627863182691894,2.931152362018235e-32,5.817961915641736e-26,0.7037213681730811,1.378440808575295e-24,7.474026533148859e-29,7.696573876970231e-27,3.7113929806169975e-25
cube1_to_cube2,3-2/76,3,3,0.0005543537802948012,1.8594186207017457e-25,3.5292418406795303e-22,0.9994456462197051,1.0099195211843545e-20,1.1519558340193523e-24,5.777613275727201e-19,3.3170011386276026e-19
cube1_to_cube2,3-2/79,3,3,0.005584253442672944,1.2381974405476209e-36,9.416866224592853e-31,0.994415746557327,7.31555690700875e-28,2.715873316984458e-31,1.0018055951740384e-26,1.6304092857871034e-27
cube1_to_cube2,3-2/80,3,3,1.5399804618969192e-06,3.5992830564468264e-31,4.2609298472123746e-27,0.9999984600195381,3.3326461636334713e-25,1.6886808680289875e-30,2.9553602590460214e-23,1.6911106043310067e-24
cube1_to_cube2,4-2/1,4,4,3.87490843359571e-27,5.069641113160229e-14,0.0008538059459451021,6.427894384809559e-30,0.9991432885326333,8.915100870458895e-12,1.2949360197776581e-09,2.9042175197615315e-06
cube1_to_cube2,4-2/9,4,4,4.9535975683600644e-24,7.144163310486456e-13,0.00019694698784101752,6.0311297476439524e-27,0.9998030453217857,2.271789023199151e-12,4.7799805628224386e-09,2.9074066214590625e-09
cube1_to_cube2,4-2/20,4,4,8.981809661060783e-23,9.995932818159832e-12,0.00013892878713288111,9.683845083973198e-25,0.9998609742463122,1.4136119215438455e-11,1.4855524959137458e-08,8.208689802875653e-08
cube1_to_cube2,4-2/34,4,4,5.446400301649202e-23,1.3819158398474565e-08,0.001073368944543727,1.2748291695884224e-23,0.9988806705770295,6.595056722299308e-08,1.1078773776106324e-05,3.4801934925010254e-05
cube1_to_cube2,4-2/36,4,4,2.5118441039543096e-26,1.8103860988695247e-10,0.05212282760045605,4.007578868124124e-27,0.9478771644431815,2.400921520497968e-11,7.3368194088366225e-09,4.1449513304895376e-10
cube1_to_cube2,4-2/37,4,4,9.852473370869184e-25,1.1211884339076333e-11,0.0014503914926910914,5.223229990552678e-27,0.9985493356440996,3.081192759534978e-10,1.7005259111025554e-08,2.5553861878451926e-07
cube1_to_cube2,4-2/38,4,4,3.120717163011547e-21,6.375978364090255e-13,0.0009585531431110174,1.2742901447989875e-24,0.9990414340233696,8.251766995635547e-12,2.9507737797293434e-10,1.2529552549481598e-08
cube1_to_cube2,4-2/42,4,4,1.212875817978625e-22,1.898720795837594e-09,0.2818148439488552,5.786686108340324e-23,0.7170418954094517,5.693157094830072e-07,8.187790392918371e-06,0.0011345016368698902
cube1_to_cube2,4-2/44,4,4,4.5400072790618056e-30,2.6683477512077034e-11,0.1416940356877008,6.692966218097551e-32,0.858305902510428,2.3600960890366952e-11,5.948607677273283e-08,2.2655098849040323e-09
cube1_to_cube2,4-2/48,4,4,7.273312591363089e-29,1.1431770997346305e-13,0.0017853826029092463,7.451693177581283e-35,0.9982142544477283,1.190417710113531e-10,6.547283598010663e-11,3.627647333153545e-07
cube1_to_cube2,4-2/49,4,4,4.750403233334758e-28,4.95681711893198e-14,0.000543696010746658,3.284571836346591e-31,0.9994562975269458,1.3836083069688517e-11,3.019521711996277e-10,6.1464698067035115e-09
cube1_to_cube2,4-2/53,4,4,6.841805833336439e-23,4.208879302245582e-10,8.455181849076763e-06,4.073432125961614e-23,0.9999915200633068,3.113343744887635e-12,2.3393945260271202e-08,9.368975319710125e-10
cube1_to_cube2,4-2/64,4,4,1.7754600966843967e-24,1.0743973817598394e-10,6.110785396030692e-05,5.828366170521549e-24,0.9999388430868604,2.4160103281286218e-12,4.8329702031175154e-08,6.19621552539033e-10
cube1_to_cube2,4-2/69,4,4,2.7355320203151307e-29,7.223766151150862e-10,0.3082041415803113,3.1566537628879057e-34,0.6917954437800298,1.4476795172505849e-08,7.760244508954925e-10,3.986644626963758e-07
cube1_to_cube2,4-2/73,4,4,6.339492952519207e-32,1.3122961455798328e-10,0.0003846642858396609,1.9760799384016138e-32,0.9996151801207376,8.1178833072539e-11,1.5321618709673582e-07,2.164827282208965e-09
cube1_to_cube2,4-2/75,4,4,8.092690911360636e-29,6.751240903543563e-08,0.004513630371999592,1.2691713630358622e-28,0.9952054806355639,1.064764519135649e-06,0.00027763136752515747,2.125347983263133e-06
cube1_to_cube2,5-2/7,5,5,6.495643540063762e-41,8.131636977415523e-05,3.7301788261365804e-08,3.0242932712471864e-37,2.6333950203336908e-11,0.999777057101854,7.209937844274982e-05,6.948982180678127e-05
cube1_to_cube2,5-2/25,5,5,1.370483015652433e-46,0.0002400014994552374,2.3622190850096914e-05,3.533920525313916e-41,3.757262539273379e-12,0.9996991305515865,3.7013088101199106e-05,2.3266624985648886e-07
cube1_to_cube2,5-2/31,5,5,3.888224140610853e-42,0.1734357219581982,9.112748085340312e-09,2.8091409574096127e-35,9.149219895901631e-11,0.793981761294411,0.014766906288984902,0.01781560125416561
cube1_to_cube2,5-2/35,5,5,1.5970161000086797e-32,0.0005384333685181693,3.245668711822493e-05,1.0384547343510272e-27,7.653150133464381e-07,0.9644877487203799,0.03485755689321321,8.303901575706227e-05
cube1_to_cube2,5-2/36,5,5,1.2632606579326222e-38,0.00580752497746881,1.8825669091590234e-07,2.2904588129837168e-32,1.574637297737535e-09,0.653052667246333,0.33689050922688185,0.00424910871798811
cube1_to_cube2,5-2/40,5,5,4.402072250083656e-43,0.0007196671101030787,4.768408211949405e-06,6.010357381379311e-37,3.967746417548928e-09,0.9633729571290078,0.03590200530571566,5.980792149176879e-07
cube1_to_cube2,5-2/41,5,5,4.441179211953971e-41,0.00045746896871643215,5.617629772986682e-05,4.406314985991891e-38,3.134585413421368e-08,0.9983495895924448,0.001128138437226394,8.595358028513498e-06
cube1_to_cube2,5-2/44,5,5,2.9125981172308743e-31,6.732875493058138e-05,2.386009139755418e-05,1.2516139903817778e-27,9.967636477982022e-08,0.9504056318773797,0.04575375818627251,0.00374932141365489
cube1_to_cube2,5-2/46,5,5,7.749786649493002e-33,0.0008121038295909834,0.0006084506187977763,1.1788060330843604e-28,3.319633626114447e-06,0.823217952946779,0.12025664831750384,0.05510152465370228
cube1_to_cube2,5-2/53,5,5,6.048541839580031e-41,8.387179451594147e-05,2.257771704220989e-09,1.0587380491835214e-35,1.0012386229405615e-12,0.9990905957505866,0.0008133701792497695,1.2160016874872387e-05
cube1_to_cube2,5-2/60,5,5,4.249224556555917e-40,0.0066379675014189895,0.0004410441449577131,2.0132233899227124e-33,1.02762610289362e-08,0.9783899367499126,0.0143364661654128,0.00019457516203679346
cube1_to_cube2,5-2/61,5,5,6.542244603798494e-40,0.012666336783312082,7.897800565356245e-05,7.520089786151697e-36,6.197906957950011e-07,0.9829178455118538,0.003895628592809047,0.0004405913156758651
cube1_to_cube2,5-2/63,5,5,1.028112941579037e-43,0.00011034854686725337,2.290425801127122e-06,1.7387480241650977e-39,1.6915093434851984e-08,0.990805663112503,0.008612308838380439,0.00046937216135454725
cube1_to_cube2,5-2/64,5,6,3.1542312042477123e-40,0.003919514356501922,3.0182320108134635e-07,3.440190045407495e-33,5.427699389082424e-08,0.11609294261349383,0.8758644166756104,0.004122770254198826
cube1_to_cube2,5-2/65,5,5,2.0976082494921815e-36,0.005314570962158776,0.00027606028861804045,1.2930257376565358e-32,1.2165718962164515e-06,0.9683668552941459,0.025747179453856597,0.00029411742932454823
cube1_to_cube2,5-2/72,5,5,7.613076375153492e-50,0.012455113955864863,6.152724575828434e-05,1.852066422508574e-43,5.830312901573749e-10,0.9872638904230765,0.00021946705328006034,7.389889234512656e-10
cube1_to_cube2,6-2/2,6,6,1.4338473382267234e-38,0.03539295050493648,5.901130611861553e-09,2.0696376531192634e-30,4.237333540575284e-09,0.027074910762426494,0.9373244706251264,0.00020765796904654302
cube1_to_cube2,6-2/5,6,6,1.1923725648257864e-40,0.000971278097967511,1.385766791295613e-13,3.261357325831544e-30,1.3976795623520049e-12,0.00015151199567975962,0.9988763403022073,8.696026093202024e-07
cube1_to_cube2,6-2/9,6,6,8.622783652616397e-39,0.008957370664882593,8.027708599619827e-13,4.583558994812482e-28,1.183879544607938e-11,5.717858165522259e-05,0.9908727039738642,0.00011274676695624062
cube1_to_cube2,6-2/10,6,6,6.022069268397608e-36,0.008471596463178653,6.66801235122323e-08,1.8753715502434515e-29,7.167638660666575e-08,0.21593657186112059,0.7742709305026977,0.0013207628164928116
cube1_to_cube2,6-2/12,6,6,5.7898189696477586e-37,2.157090797081317e-05,3.4493845607950985e-07,7.8256628823313555e-31,1.0633243753440728e-08,0.4195715855710768,0.5801014789713994,0.0003050089778530464
cube1_to_cube2,6-2/15,6,6,1.806937328479337e-33,0.014118776968995949,7.735340922440426e-07,1.0158856272478548e-24,4.213196668964173e-08,0.001992810442251682,0.9809375054388461,0.0029500914838473755
cube1_to_cube2,6-2/24,6,6,5.2437545013047735e-36,6.206827502041982e-05,5.152433866423206e-11,1.1678008012598302e-27,1.3115329771292742e-10,0.006018987511816646,0.9935125884445382,0.0004063555859471891
cube1_to_cube2,6-2/27,6,6,3.230502572706054e-38,7.09265910569503e-07,2.141842189472958e-06,2.941145452121612e-32,1.9065409256509148e-08,0.010006202528437648,0.9899756293940017,1.5297904051082896e-05
cube1_to_cube2,6-2/28,6,6,7.915198755267398e-35,0.007850765905871412,2.490336137381534e-09,6.584512363986322e-25,1.103671759123174e-08,5.8815036188598246e-06,0.9921430481529803,2.9091047569288945e-07
cube1_to_cube2,6-2/35,6,6,4.334231763789036e-38,0.0003519709926983221,2.4532927827545624e-07,5.3292237944942235e-30,1.874398311063417e-08,0.0005724511535202669,0.9990729161075247,2.3976729952655574e-06
cube1_to_cube2,6-2/42,6,6,3.218417914729841e-33,0.002057994319432897,1.1881686861198343e-07,2.8957619430109797e-25,4.420768692699616e-08,0.0025470296770618195,0.9929504768593223,0.002444336119627654
cube1_to_cube2,6-2/45,6,6,7.299823768285574e-39,0.03505060208258599,9.711716553593391e-06,1.679822038935472e-31,6.572399657236527e-07,0.00042091389647518236,0.9645080105499453,1.0104514474108528e-05
cube1_to_cube2,6-2/47,6,6,1.4355600592541009e-35,0.0008952923213221744,6.468867490632363e-08,4.108708537234532e-27,2.2951335430647603e-08,2.227776899282038e-05,0.999081565866426,7.764032487396443e-07
cube1_to_cube2,6-2/49,6,6,1.422052385253786e-34,0.0009965011571447858,7.381223651551153e-13,2.208607988437594e-22,7.844935762290324e-13,2.056168141897231e-05,0.9989827777394624,1.5942045119180535e-07
cube1_to_cube2,6-2/53,6,6,1.9619640728613276e-37,8.127929689628603e-05,0.00021927088793456768,3.9317461271577843e-31,8.711944451861714e-06,0.000701100642880869,0.9989890465146057,5.907132306369971e-07
cube1_to_cube2,6-2/73,6,6,2.378917264805408e-40,0.01150303046710864,1.7567766003933975e-08,4.089966802929992e-33,7.922741023565693e-09,0.01596110343750441,0.9724926793231172,4.316128176271165e-05
cube1_to_cube2,7-2/2,7,5,5.227370872456282e-32,0.00013216061719376962,4.6893892788779544e-05,5.213423080306113e-26,5.524444717660021e-09,0.7616213091103028,0.15289507851765827,0.08530455233761162
cube1_to_cube2,7-2/3,7,7,6.391011633242789e-34,1.3216345674074447e-08,2.48611314506545e-12,7.035466337491692e-29,2.883623802036309e-10,9.284654707293809e-06,0.0004462058065265353,0.999544496031572
cube1_to_cube2,7-2/6,7,7,1.957619059802837e-31,1.0436819449283596e-08,2.6102864222504233e-13,1.343191767608054e-26,6.189771098780558e-11,7.385522403172336e-06,0.00025606199399859093,0.9997365419846199
cube1_to_cube2,7-2/16,7,7,2.4079445299390648e-37,2.313481419675479e-05,1.163347143811755e-09,1.1946454598790738e-31,1.2853159409184698e-08,2.038335673075787e-05,0.006841285264688692,0.9931151825478771
cube1_to_cube2,7-2/29,7,7,4.0785870187478695e-41,0.001013086887906153,3.5184722593421427e-11,2.139115478629985e-34,7.612628967813591e-10,0.0007859398921578957,0.0030088794572502137,0.9951920929662379
cube1_to_cube2,7-2/33,7,7,1.6488365078795237e-36,5.7797221358394894e-05,2.5543556592255873e-12,1.2218279299469307e-29,1.043750338803011e-10,0.00015017912044203822,0.0022033600828858706,0.9975886634683844
cube1_to_cube2,7-2/35,7,7,4.70952250168262e-37,0.013927580408759322,7.006616371455794e-11,7.407993778108306e-30,2.202072500318796e-09,0.0006220443390132411,0.027331497318272058,0.9581188756618166
cube1_to_cube2,7-2/43,7,7,9.686782245725507e-39,0.00020214506611129836,2.026275808238774e-09,1.6338418483921614e-34,8.062587513990038e-08,0.00013031679782240556,0.0001411417447560108,0.9995263137391593
cube1_to_cube2,7-2/45,7,7,1.4655206918118994e-33,7.088826451442697e-08,9.68915854490722e-12,4.1988274895046334e-30,4.995349742691325e-10,7.20217828940138e-05,2.2329839780366268e-05,0.9999055769798368
cube1_to_cube2,7-2/49,7,7,9.673657019049688e-39,0.004675274086204928,1.8094940480589457e-12,6.861397756015409e-32,1.813914929462668e-10,0.00443609295923092,0.009112194959914936,0.9817764378114483
cube2_to_cube1,0-1/3,0,0,0.9963322917493085,5.558321028046361e-43,1.103244404384079e-31,0.0036677082506915573,1.963306597296002e-27,1.0746904289643953e-36,4.288082427625901e-33,1.7497213678643964e-35
cube2_to_cube1,0-1/18,0,0,0.9999793991540011,2.0202247635001938e-48,3.245965471913679e-32,2.0600845998873565e-05,5.4685068165390226e-27,1.690256937984797e-41,1.7143729710284403e-38,2.046293449202656e-39
cube2_to_cube1,0-1/19,0,0,0.9999584794313209,1.5724539674328665e-49,1.4001749239765886e-32,4.1520568679216994e-05,8.191168249364198e-27,6.057161816928535e-42,1.1495943340724173e-37,1.5319693888277887e-40
cube2_to_cube1,0-1/23,0,0,0.9948188443980842,5.400523344208359e-41,2.3235162139855787e-30,0.0051811556019157445,4.622827276380795e-26,4.85203606851271e-35,1.437934830512673e-32,6.4187790117627e-33
cube2_to_cube1,0-1/35,0,0,0.9999455283871882,1.3564535166351496e-48,7.113174441402163e-33,5.4471612811887485e-05,2.1082806753661614e-27,2.762092730111596e-42,7.836227157844775e-39,7.835577636065996e-41
cube2_to_cube1,0-1/42,0,0,0.9941359253903037,4.3463906614711017e-44,2.2127606130160383e-32,0.005864074609696239,2.9091253087403325e-29,2.8571695710634715e-40,2.9492499890835393e-36,2.008440661847044e-37
cube2_to_cube1,0-1/48,0,0,0.9997492469713062,1.8484229300133966e-43,2.9994959567556923e-30,0.00025075302869387815,2.662382812089084e-24,5.702580023728259e-36,1.1307611708414983e-32,9.53913276165575e-34
cube2_to_cube1,0-1/49,0,0,0.9990786920829688,3.174204213765928e-44,3.8108979799350913e-31,0.0009213079170310658,2.8867125182516964e-26,2.5518829410765832e-37,1.5283855853791965e-33,1.4338549566627773e-36
cube2_to_cube1,0-1/51,0,0,0.9998750974430047,9.468325517280868e-42,5.117914249318264e-28,0.00012490255699521916,2.060500887228575e-24,2.370832281733862e-37,8.04430880536618e-34,5.563189672756116e-35
cube2_to_cube1,0-1/54,0,0,0.9967727571106895,4.357963597700112e-43,4.931786347006986e-33,0.003227242889310502,8.815744029070261e-28,2.0981665383013996e-36,2.598554497927763e-32,3.961026631138751e-34
cube2_to_cube1,0-1/56,0,0,0.9999227398023224,7.146257941807285e-45,4.419852883049455e-32,7.726019767765223e-05,2.4847924735384082e-27,3.700792286726961e-38,2.8466190468836766e-36,1.5619303804988866e-36
cube2_to_cube1,0-1/57,0,0,0.9995031203086272,2.0473815027833153e-46,1.634500666276018e-33,0.0004968796913727457,1.7807651953487915e-28,8.260630589568874e-40,7.465990647241895e-37,9.574656052025327e-39
cube2_to_cube1,0-1/68,0,0,0.9908148481593778,1.2805214720124167e-41,6.851952037039473e-30,0.009185151840622099,1.592869113582913e-25,1.2418962398019427e-35,6.103962859020046e-33,7.918287972789734e-35
cube2_to_cube1,0-1/78,0,0,0.9995843847936626,2.0411761144184715e-44,3.704042224858356e-31,0.0004156152063372501,2.947203995329388e-26,2.8921808202984252e-37,1.2636100035440285e-34,9.26098974614377e-37
cube2_to_cube1,0-1/79,0,0,0.9987304002841255,4.2259923820823624e-52,4.039729110138929e-39,0.001269599715874398,1.162308876006342e-34,5.4524309083762494e-46,3.3752642818215484e-42,4.1174988155413494e-45
cube2_to_cube1,0-1/80,0,0,0.9992863843689699,1.8612477805537777e-49,2.835634306719986e-36,0.0007136156310301273,9.204224125142416e-32,1.553104894301414e-42,1.346514246594453e-39,2.4813839987253873e-43
cube2_to_cube1,1-1/4,1,1,4.9493056836395745e-48,0.9977932061634206,2.1169596191739564e-09,2.5065960395833045e-38,2.74384304821576e-13,0.0016609681626868545,0.0005436964285678421,2.127128090604082e-06
cube2_to_cube1,1-1/8,1,1,9.152749639291705e-44,0.9996605645716291,4.709372218604527e-09,3.4576572353359977e-34,1.0335648604614678e-12,0.00023227162928834408,0.00010640198443028215,7.57104246389793e-07
cube2_to_cube1,1-1/10,1,1,3.035335386771717e-40,0.9638306646393147,1.1282229178924339e-05,4.508994441680263e-32,1.0326969475160533e-08,0.0017377147671445773,0.03397508981386409,0.00044523822352823285
cube2_to_cube1,1-1/19,1,1,2.5516492894520354e-42,0.9783776505358405,1.0849419618076427e-08,1.0071790847202506e-31,2.22221129184411e-12,0.0003058621448751433,0.02129973929365145,1.6737173991145428e-05
cube2_to_cube1,1-1/23,1,1,3.973264436187275e-44,0.9886960420911437,7.907947999666515e-06,1.585804371833645e-35,3.9512534428100567e-10,0.007155162974483549,0.0039988865179483146,0.00014200007329925155
cube2_to_cube1,1-1/27,1,1,3.485996722949217e-41,0.9970301879419599,6.286406870824049e-08,6.462229725252003e-32,3.103086606853566e-11,0.0002551070714734765,0.0023313233936674382,0.0003833186977995918
cube2_to_cube1,1-1/28,1,1,6.962876362901237e-41,0.9955578714333755,3.786235672714194e-07,2.9942769435528457e-33,1.9213213185318837e-10,0.002100046711722916,0.002104053469993366,0.00023764956920872046
cube2_to_cube1,1-1/37,1,1,7.710480709674248e-47,0.9992312073264952,5.1318719305302164e-08,1.0854102302898392e-37,7.537608717575476e-12,0.00043671269219816133,0.00014608845690507042,0.00018594019814473144
cube2_to_cube1,1-1/40,1,1,2.339051459294024e-40,0.994568600125077,1.0913682213368676e-05,1.607027796546408e-32,4.7841357013044145e-09,0.0017314170525334746,0.0030431701699097364,0.000645894186130596
cube2_to_cube1,1-1/51,1,1,3.781901709309665e-46,0.9939676891559404,2.486721078946653e-08,4.2672307393435827e-35,4.003681428548997e-12,3.746403085268019e-06,0.005653170809653291,0.00037536876010646323
cube2_to_cube1,1-1/52,1,1,9.81010558167461e-40,0.997787663485085,3.27601834818617e-06,1.4416755703432652e-31,9.033197173307959e-10,0.000179115816334115,0.001625191563218624,0.0004047522136942143
cube2_to_cube1,1-1/55,1,1,2.4191219948494994e-37,0.7931317333137446,4.907506130434853e-06,1.6911314276554936e-29,1.3250203077383914e-08,0.000472366544702632,0.1924410569262855,0.013949922458933605
cube2_to_cube1,1-1/61,1,1,8.515363139531836e-40,0.9975805113837729,4.303369776025112e-07,5.966936966671545e-30,6.171456687123373e-10,3.466710694833735e-05,0.0017763295646435393,0.000608060990511948
cube2_to_cube1,1-1/72,1,1,1.6703942552772352e-44,0.9996452932278699,4.027087737732697e-09,2.1171447141870457e-34,1.1242132034674926e-12,2.2940358159298894e-05,0.00029709019783841765,3.4672187920408946e-05
cube2_to_cube1,1-1/73,1,1,2.5929301088184187e-46,0.9986850517687399,4.139294456838082e-08,1.2971844006661056e-36,1.113303354192777e-12,0.0003344287810623442,0.0009574435919717753,2.3034464167978305e-05
cube2_to_cube1,1-1/78,1,1,1.522517663622204e-42,0.9991119228357448,1.5090327333099935e-07,4.271783724654901e-34,1.495702590301504e-11,0.0005373572111908324,0.0003038940410469389,4.667499378725849e-05
cube2_to_cube1,2-1/9,2,2,9.20274206029731e-32,9.05363261913078e-08,0.998585202605739,1.264723315517892e-27,0.0014138585806422175,4.673306436969705e-07,3.80899811201419e-07,4.683762985932138e-11
cube2_to_cube1,2-1/16,2,2,2.763085943322917e-26,1.2396169531745889e-09,0.9598559177397628,1.3794080924952912e-23,0.04014375254720886,3.153582719370147e-07,1.3010858632340068e-08,1.0428107413695662e-10
cube2_to_cube1,2-1/17,2,2,3.2942876702166815e-36,8.7448195191031e-09,0.9746952355101586,4.457841624319798e-35,0.025304710510079792,3.3148353311240685e-08,1.2067399178056645e-08,1.918961798425607e-11
cube2_to_cube1,2-1/19,2,2,1.9405040635325766e-43,1.267346086656825e-06,0.9998794599247722,6.346949434240787e-39,3.0930817985597195e-05,8.711971173014563e-05,1.2206202697566403e-06,1.5791556712819063e-09
cube2_to_cube1,2-1/21,2,4,3.5229884269270036e-27,1.4879646173900175e-13,0.1669460025346799,1.1812720330396176e-27,0.833053997462632,1.6135747944928448e-12,8.833137421616004e-13,4.2397109425508736e-14
cube2_to_cube1,2-1/24,2,2,2.5446628474867435e-31,3.637102491176566e-08,0.9991980429924825,1.144087789084535e-25,0.0006916100786601768,8.125828828042186e-05,2.9041038008204384e-05,1.1231543801260088e-08
cube2_to_cube1,2-1/31,2,2,5.545416949358068e-30,1.8352870704561545e-07,0.9951968562318921,3.328082017188003e-27,0.004799576102641646,3.293770729686695e-06,8.813184352177454e-08,2.234186016754089e-09
cube2_to_cube1,2-1/40,2,2,8.512079547218422e-29,3.18625962264858e-07,0.9852960703625124,2.00695582896673e-27,0.014699890488973506,3.6424280673330783e-06,7.191054639701759e-08,6.1839380796873826e-09
cube2_to_cube1,2-1/48,2,2,2.4733233392964368e-24,4.178096283370996e-12,0.709910451494331,3.2623215659612864e-24,0.2900895484897929,8.009934785098582e-12,3.044053922055527e-12,6.440680681352542e-13
cube2_to_cube1,2-1/50,2,2,1.5350786834929454e-34,3.9362083957547606e-07,0.9976127016825479,1.664404342633487e-30,0.0005529952407693708,0.0017763902329331134,5.741001269936471e-05,1.0921021068574454e-07
cube2_to_cube1,2-1/51,2,2,3.452473420372859e-27,1.076663286053348e-07,0.8528705763804042,1.8211209736274764e-24,0.14707653928347614,4.16146079587415e-05,1.1157461748796791e-05,4.600083514401132e-09
cube2_to_cube1,2-1/63,2,2,3.7361357241960044e-32,2.652447379396411e-10,0.9992363982794593,8.658575332029904e-29,0.0007631253333480698,2.3548272799126316e-07,2.4062557101094566e-07,1.3648917865277433e-11
cube2_to_cube1,2-1/65,2,2,2.8611714047421667e-30,6.673142388746975e-07,0.987317752744026,9.037842182105078e-26,0.012363224185813954,0.00019393604898083655,0.0001240796912943291,3.400156461135155e-07
cube2_to_cube1,2-1/68,2,2,3.6585148997544354e-30,1.7095078275769097e-10,0.9237790396185749,2.246099318194478e-29,0.07622095049103143,4.5209254836939795e-09,5.070759616582487e-09,1.2775781893696565e-10
cube2_to_cube1,2-1/73,2,2,4.7267067951525885e-25,2.8870705844170713e-10,0.5899695886167663,1.3351977662544212e-23,0.41003034525047616,1.9633520441043857e-08,4.533158571544811e-08,8.789443267662376e-10
cube2_to_cube1,2-1/79,2,2,6.206990560178161e-34,3.834299436762383e-09,0.9994773364413894,4.993713659205612e-32,0.0005225582268997311,1.0523083722322047e-08,9.015151273278477e-08,8.228150428108605e-10
cube2_to_cube1,3-1/2,3,3,0.00018648954790632352,1.9215694168384636e-32,6.436834340535057e-26,0.9998135104520937,3.469489026357493e-24,1.16217156004312e-28,1.5667852203836073e-22,7.134489403162686e-27
cube2_to_cube1,3-1/8,3,3,0.04063058325799766,2.775188798972998e-37,1.00930870174931e-27,0.9593694167420024,1.1103185186620882e-23,1.2843505257638036e-33,1.7855302921939904e-27,4.306601755843541e-30
cube2_to_cube1,3-1/11,3,3,0.0003869884767628054,1.9163635554949157e-31,1.0568083883673302e-26,0.9996130115232372,4.457384329936253e-25,7.489425371815066e-28,1.339585228708238e-22,8.732290617206591e-27
cube2_to_cube1,3-1/19,3,3,0.0001843258340891023,1.5674085513999196e-32,3.291852250562192e-29,0.9998156741659109,3.7581164753061513e-26,1.4628630709878962e-29,1.3443618823479733e-24,3.710196554850271e-27
cube2_to_cube1,3-1/37,3,3,1.687972177465689e-06,1.2756676114613886e-30,5.524895997107867e-28,0.9999983120278226,6.176295857343096e-27,1.4626730831595373e-26,1.691206593346722e-21,1.8261057628289913e-27
cube2_to_cube1,3-1/49,3,3,8.837851701547233e-07,1.6462538568337914e-36,1.3965067471515388e-33,0.9999991162148297,7.233725080216514e-32,1.1715228369661262e-35,3.1019277637994582e-27,2.0627253567573435e-32
cube2_to_cube1,3-1/50,3,3,8.823984985294711e-06,5.6918381766886026e-42,2.0362635560423893e-36,0.9999911760150147,2.022702812087518e-33,6.051542510272338e-39,6.498080175447037e-30,1.9484580554387186e-36
cube2_to_cube1,3-1/51,3,3,0.0011253406733363943,1.6627914376384716e-36,2.1895263022465734e-30,0.9988746593266636,7.834730296179893e-27,3.1585745525800134e-34,1.6519607237983394e-28,5.2354944587888995e-31
cube2_to_cube1,3-1/54,3,3,0.0007516874055093683,4.4676850771537305e-32,4.319926091676881e-27,0.9992483125944907,7.516986413340713e-25,1.1911241838934103e-27,5.762382602058435e-24,9.927336967146264e-29
cube2_to_cube1,3-1/56,3,3,0.0011663379226547835,5.268945886626178e-37,4.531287271858492e-32,0.9988336620773451,1.5345411806885516e-29,1.99257195138713e-35,8.417037857686181e-29,4.1907275810956516e-33
cube2_to_cube1,3-1/59,3,3,1.4069692989280587e-05,8.706534995279156e-36,8.221313622217934e-32,0.9999859303070108,6.912664940505426e-29,3.260806560902763e-31,6.68888428912606e-25,7.801813193739946e-29
cube2_to_cube1,3-1/65,3,3,5.670275933183012e-05,4.146775841627632e-36,2.2922046622797599e-32,0.9999432972406683,1.7386000762995143e-29,5.002456871240187e-34,1.0467413362845767e-26,1.7821441981898722e-30
cube2_to_cube1,3-1/67,3,3,0.00021588008512510269,1.6438176445828438e-32,2.0169142648684735e-29,0.9997841199148749,1.9557140836561593e-26,9.812675259981302e-29,2.755059880561798e-24,6.576049541463734e-27
cube2_to_cube1,3-1/71,3,3,4.7443390309049146e-05,1.6127333294183754e-32,5.866762986462208e-29,0.999952556609691,2.369544510411768e-27,6.627812928505967e-30,5.153561402966135e-24,7.413119496565358e-28
cube2_to_cube1,3-1/73,3,3,0.012754508372869403,1.6454712642968635e-34,4.0148372111273124e-28,0.9872454916271306,1.4963271031530398e-24,2.156817438911276e-29,1.0675212099715886e-23,2.5101890535237434e-28
cube2_to_cube1,3-1/74,3,3,0.002461490221391111,9.643149176674217e-40,2.0144862407624447e-32,0.9975385097786089,1.0794559099153972e-28,7.986020705771522e-37,3.867921388815389e-31,1.2100622330475104e-33
cube2_to_cube1,4-1/3,4,4,1.6895531978445376e-30,1.7652104863449208e-09,0.11160950066748562,9.308935407392783e-30,0.8883904795812934,3.5560600760902086e-09,7.632266640771652e-09,6.7976837412565115e-09
cube2_to_cube1,4-1/5,4,4,4.7617582282056185e-26,4.568141841873358e-10,0.17266765124255143,2.26928495279352e-25,0.8273321120309413,2.778321391940847e-08,2.0747236712705142e-07,1.0141120234551316e-09
cube2_to_cube1,4-1/11,4,2,6.570992767964276e-27,9.800518684104252e-10,0.9973250334255811,1.7653910102685942e-22,0.0026747932935060562,3.3673935664863265e-09,1.686814324257496e-07,2.5203486990667163e-10
cube2_to_cube1,4-1/16,4,4,2.505256591401668e-30,2.137032461681247e-07,0.3015783750444155,8.619445379929633e-29,0.6984113638687335,7.207861987252535e-06,2.709011290309069e-06,1.3051032728232012e-07
cube2_to_cube1,4-1/17,4,4,5.268351641688516e-25,3.256631104785896e-14,0.002781757157924217,1.412727719441582e-26,0.997218242836318,1.885257574315039e-12,3.5598030399657963e-12,2.8018023617384e-13
cube2_to_cube1,4-1/19,4,4,5.224130768292852e-29,0.0004764043226758464,0.36293921089534165,1.8241738186505364e-23,0.4269237230278548,0.0020810600647107945,0.10783761837043464,0.0997419833189822
cube2_to_cube1,4-1/23,4,4,3.456525267785783e-22,3.5643944884661006e-07,0.05661992230423222,1.8795521371247573e-19,0.9412616140531875,9.757858709935087e-07,8.552691664089071e-05,0.0020316045006194008
cube2_to_cube1,4-1/27,4,4,1.868726714760109e-28,9.235893444178009e-12,0.07216467650207742,8.118971974849406e-29,0.9278353230019764,2.966929839996252e-10,8.509734370635621e-11,1.0491993155957461e-10
cube2_to_cube1,4-1/31,4,4,1.5868619780706654e-25,1.9071527269346133e-07,0.03537183768271721,2.5737759524758524e-23,0.9644380569722889,2.38503312895502e-07,1.597486548952516e-06,0.0001880786398592633
cube2_to_cube1,4-1/35,4,4,1.2684316606020582e-30,1.0169534823366686e-14,0.0027074111074674567,1.267636162649809e-32,0.9972925888918669,3.5977680720215923e-14,1.351653483044767e-14,6.061773021863227e-13
cube2_to_cube1,4-1/46,4,4,1.390169906570558e-23,2.6543946650648905e-13,0.030200653557438978,2.3347033357042138e-24,0.9697993462551197,4.4494901889167874e-13,1.8244291815154428e-10,4.288298520800049e-12
cube2_to_cube1,4-1/65,4,4,7.853408076344567e-22,6.625837093451806e-12,0.011855034440068517,1.2309383274321946e-21,0.9881449650697828,5.2328723469416734e-11,2.4611541237171185e-10,1.8507868111732081e-10
cube2_to_cube1,4-1/72,4,4,4.882144181805614e-25,1.4637457595347482e-12,0.014594805671529121,1.5459658196780248e-25,0.9854051941908705,4.118659000175348e-12,1.292315412396228e-10,2.78635040808921e-12
cube2_to_cube1,4-1/73,4,4,9.21682043806569e-26,5.171781291592154e-10,0.14765094910353252,5.127386549751958e-25,0.8523490477421125,6.745559416480177e-11,1.0889315982687447e-09,1.4807897309504984e-09
cube2_to_cube1,4-1/78,4,2,4.0500016583120874e-25,4.512287447788424e-05,0.8375311342541357,1.6185850954657977e-22,0.16234249336361523,4.041990569048359e-05,3.4418913286038865e-05,6.410688794484548e-06
cube2_to_cube1,4-1/82,4,4,1.690959950118722e-26,1.3081267176947374e-08,0.1349941843546308,1.5285253760284208e-25,0.8650055357188994,6.192366739824488e-09,5.667385990378486e-08,2.0397897619974873e-07
cube2_to_cube1,4-1/85,4,4,7.547539835486052e-28,1.1863541476677739e-07,0.1257370293011107,1.1650061376475879e-26,0.8741631332805865,2.353754829905392e-07,3.2745127641560886e-06,9.620889464075918e-05
cube2_to_cube1,4-1/86,4,4,2.3678755132226578e-28,4.938442525562362e-11,0.19511835251597226,3.7857650693964337e-28,0.8048808306414725,1.491452797195911e-08,1.9136976271067246e-08,7.82741666600265e-07
cube2_to_cube1,5-1/6,5,5,6.646510050299612e-36,0.0012138942798605185,4.0465613880145515e-08,8.776915119900961e-29,1.6822346857807768e-10,0.9724947876560979,0.021583985527500092,0.00470729190270418
cube2_to_cube1,5-1/11,5,5,4.426721015460383e-35,0.05207354383672862,3.1019026577799696e-06,1.3039768871341563e-28,2.429231620306147e-09,0.9424095656816687,0.004582670970475096,0.0009311151792382001
cube2_to_cube1,5-1/12,5,1,1.0839991737310157e-34,0.5565355014719652,7.7768557894214e-07,4.571220882882941e-28,1.0419546688637321e-10,0.4415847140769352,0.0018108209036929574,6.818575763225253e-05
cube2_to_cube1,5-1/13,5,5,5.864292805514671e-34,0.03337073523254678,8.119933634838844e-06,2.0279652323515963e-28,1.9573883157564466e-08,0.9538626340022459,0.012126666469042166,0.000631824788646936
cube2_to_cube1,5-1/18,5,5,1.757071882618063e-40,0.3704082257444065,7.912267971240483e-09,1.2800654558463528e-32,2.897643108853229e-13,0.6294191932336586,0.00016432249119302023,8.250618184264084e-06
cube2_to_cube1,5-1/22,5,5,4.686158631799849e-32,0.00022257136058245153,6.090290359974201e-06,1.1084886076019696e-26,7.96889519522266e-08,0.989831710684849,0.009693604140802696,0.0002459438344540305
cube2_to_cube1,5-1/29,5,5,5.7035822359726056e-39,0.0014674114071485467,1.2631424595876954e-06,8.605647557038838e-33,6.78947334325886e-09,0.9934518220557653,0.0017865459149514972,0.0032929506902018416
cube2_to_cube1,5-1/33,5,5,1.8295761282670182e-37,0.0026864699582476214,6.793059041531511e-08,3.514031144732176e-31,1.1629475702756778e-10,0.9730658598093965,0.006938492831728457,0.017309109353742313
cube2_to_cube1,5-1/36,5,5,6.98775439716134e-39,0.1985919264435057,6.42373032331145e-07,5.384487321050606e-32,1.3746049624194315e-09,0.7533482251731368,0.015509759897075438,0.03254944473864467
cube2_to_cube1,5-1/39,5,7,4.1177798578272455e-33,0.011173495148925424,1.156271455780467e-07,1.3028834932599986e-26,4.720611706335048e-09,0.2083859210363782,0.06449495914146947,0.7159455043254697
cube2_to_cube1,5-1/41,5,5,2.1451925856364161e-29,0.08688159957951201,7.224390681770963e-06,3.0746826832911778e-21,6.574537780725889e-09,0.6760367772160814,0.09502422262599029,0.14205016961319678
cube2_to_cube1,5-1/44,5,5,8.419099235159994e-35,0.05686912500249478,0.00025309782053430286,7.149035212703276e-28,1.0012633093592928e-07,0.9370101962709272,0.004953997453510203,0.0009134833262027619
cube2_to_cube1,5-1/55,5,5,7.861356720571836e-43,0.21246273876597394,1.191623284862723e-06,1.7081986780370862e-34,1.8560736667378365e-10,0.7139053430865594,0.06866869833800333,0.004962028000571165
cube2_to_cube1,5-1/61,5,5,5.1849366467031156e-37,0.30451945227524174,7.596688147473513e-05,7.496803408346983e-30,3.480814561381265e-08,0.6653186569798356,0.02937050000644758,0.0007153890488547813
cube2_to_cube1,5-1/62,5,5,1.448704051985728e-37,0.009423936618641032,5.1851552887731246e-05,1.440774267170267e-30,3.2221459571629706e-08,0.9896818199053626,0.0008391825334249651,3.177168224180946e-06
cube2_to_cube1,5-1/76,5,7,4.0978716193964354e-37,0.0003643466005935537,4.727674397314536e-06,9.446245553365033e-32,1.4529837510842257e-07,0.029615460436932604,0.0008875497261785002,0.9691277702635229
cube2_to_cube1,6-1/7,6,6,4.0509454080215027e-38,0.00970063881079779,3.115193929417458e-08,1.4436409193652964e-30,3.23134537142668e-10,0.0026259258038879105,0.9042968983277749,0.08337650558246555
cube2_to_cube1,6-1/12,6,6,2.986662656664018e-36,0.4518662950216026,8.904887930129112e-06,7.420572859609261e-28,3.560408931945443e-08,0.004601433822341339,0.5403140853033447,0.003209245360691886
cube2_to_cube1,6-1/13,6,6,3.395679308778181e-36,0.3962105311070812,2.0954275555435606e-07,2.636560273364369e-26,7.823393119318579e-10,0.0008693472395983309,0.5993804896180959,0.003539421710129718
cube2_to_cube1,6-1/19,6,6,3.884851082610257e-33,0.00037427651675644947,9.926749022430945e-07,1.3054143818456537e-24,1.3068911030153277e-08,0.00011077982765722533,0.9969710961612673,0.0025428417505057232
cube2_to_cube1,6-1/21,6,5,1.465274696940466e-35,0.20382646259269457,0.0004883579169814597,7.803332549408245e-29,4.272484262049213e-07,0.5060419959349322,0.28936738246137206,0.0002753738455934418
cube2_to_cube1,6-1/26,6,6,1.0390695987018563e-33,0.1434019126637129,0.000458236086933583,1.1100048717024189e-25,6.481506164264619e-07,0.011677769884619443,0.8432937417565826,0.0011676914575349873
cube2_to_cube1,6-1/35,6,6,5.088446353569349e-33,0.003478911347573165,1.8708590111639694e-07,9.387445808541732e-24,5.802262142855908e-10,3.637616461410061e-05,0.9964696340044414,1.4890817243868283e-05
cube2_to_cube1,6-1/36,6,6,1.0286681176885559e-29,0.0018427025642089882,1.4761475374389445e-07,6.7707914153108146e-21,1.104704771165106e-08,1.2014141717972193e-05,0.9948050454980583,0.0033400791342134135
cube2_to_cube1,6-1/45,6,6,9.2074779700912e-36,0.22019367276859675,5.808629309530477e-06,3.0706149184490785e-26,8.588542131817673e-08,0.0002558580789017373,0.7062734295819435,0.07327114505582724
cube2_to_cube1,6-1/55,6,6,4.621513203126768e-36,0.028512982218839533,4.980360683274058e-06,6.940808237056429e-28,3.619438019750817e-08,0.005380831896593286,0.9513991003769866,0.014702068952517135
cube2_to_cube1,6-1/58,6,6,4.649247559497669e-33,0.002739874314442705,3.4037262048177875e-05,7.717683351965943e-25,3.3344011871942913e-07,2.3482202314144312e-05,0.9966261688294324,0.0005761039516436586
cube2_to_cube1,6-1/63,6,6,1.0178945416544016e-35,0.00019544596460943083,8.198172058588321e-09,1.0499690781761198e-27,1.351700450380689e-10,0.06135866766632075,0.9369521225983952,0.0014937554373325543
cube2_to_cube1,6-1/64,6,6,2.010440337848026e-36,0.001970008494133985,1.051306272975662e-07,6.741176266238108e-27,4.501255048170956e-10,0.0031368411747617893,0.9943038330703513,0.0005892116800001506
cube2_to_cube1,6-1/67,6,6,1.5979878449735682e-36,0.0618860557679104,7.783690259671098e-07,3.109268481562761e-28,3.611448946287165e-08,0.00020681018784314952,0.9221867009997454,0.01571961856098561
cube2_to_cube1,6-1/68,6,6,1.4656734872928926e-30,0.0031811226719934142,0.018402455718858943,2.3284855870967354e-24,0.0003262799147427922,0.0060308809217502314,0.9662663762266186,0.005792884546036108
cube2_to_cube1,6-1/75,6,6,4.3453314749284275e-39,0.022874458230559908,2.3687040101851942e-07,2.870735750754265e-29,3.7528973337464346e-10,0.00040588552402070837,0.9708642000675151,0.005855218932213515
cube2_to_cube1,7-1/1,7,7,3.077365658512747e-23,0.011029447896073371,4.85791563878194e-06,4.797241550657854e-18,1.3099715962725467e-06,0.042164324741322624,0.3878704281782745,0.5589296312970944
cube2_to_cube1,7-1/8,7,7,8.890531826021062e-26,8.966978139014436e-06,6.581633235379319e-05,1.785841961336092e-21,0.00018380925608963312,0.02060798898896,0.027825192438637313,0.9513082260058201
cube2_to_cube1,7-1/9,7,7,3.151519979508891e-28,0.006956344899077074,1.024693396079253e-05,7.854761935237875e-23,3.728696233859157e-06,0.21205439327399472,0.1653344852898534,0.6156408009068802
cube2_to_cube1,7-1/12,7,7,4.4334783663027406e-23,3.038408221190256e-05,3.7202571722048095e-05,1.318755990881771e-19,0.00018764017413958262,0.004139448687465342,0.03973191048176743,0.9558734140026938
cube2_to_cube1,7-1/16,7,7,7.075920105555392e-28,1.0935397336755896e-05,1.0875370728034315e-06,8.059901125058261e-24,5.118120718206287e-06,0.0003732516013549896,0.002596058691347216,0.9970135486521701
cube2_to_cube1,7-1/22,7,7,4.069806970252684e-23,5.72584124676477e-06,6.0475886098904896e-05,1.3014031774776833e-20,0.0038999495687961766,0.0010325617192277084,0.004397440208196827,0.9906038467764333
cube2_to_cube1,7-1/23,7,7,8.1471910568822275e-25,8.640701382487895e-06,4.4223506083995773e-07,1.1538596810241981e-20,1.8099281652547073e-06,0.0024249786936713213,0.004562351487957978,0.9930017769537622
cube2_to_cube1,7-1/24,7,7,5.813171668711593e-25,2.9193642266540902e-05,1.3560889984743265e-05,1.3550010887623873e-21,0.00021979469945856224,0.016279001972659857,0.0037577229529417344,0.9797007258426884
cube2_to_cube1,7-1/25,7,7,1.2364937984153004e-26,3.3556879199803255e-07,3.212173117532377e-05,1.63381655010555e-24,0.00025400291130899433,0.0006412955401953809,0.001314480284517517,0.9977577639640108
cube2_to_cube1,7-1/26,7,7,1.9637155874139788e-26,7.164093359365904e-07,5.997369978402422e-08,1.3898239424037113e-21,2.616134884956622e-07,0.0025044031568638796,0.010953147687868972,0.9865414111587429
cube2_to_cube1,7-1/44,7,7,1.6181833550885235e-35,5.331108031493935e-06,4.3493514530834644e-08,1.5987903899647104e-31,1.1445493308871411e-07,0.00042855015636219634,0.0003545666202673604,0.9992113941668913
cube2_to_cube1,7-1/48,7,7,5.6005388377287636e-33,1.538837156582984e-05,2.3854054664852187e-07,1.1212258372776794e-29,3.4157077030129994e-07,0.0007306193602362841,0.00026554718450930213,0.9989878649723717
cube2_to_cube1,7-1/54,7,7,2.777481799952407e-32,1.903035219014559e-07,4.308028223671979e-06,5.045754195735516e-29,5.734718692156997e-06,0.00011750474312636506,0.0005754468112219976,0.999296815395214
cube2_to_cube1,7-1/61,7,7,2.519841375619366e-32,2.3023900779213254e-06,3.4042912962130503e-06,2.9668789341477832e-28,3.173462780534415e-06,0.0010626392398489092,0.000921626729452238,0.9980068538865441
cube2_to_cube1,7-1/69,7,7,3.545081875262871e-29,0.00046056357007849997,5.3602694647017655e-06,6.5014849473890125e-25,8.3919543214878e-06,0.1373422512470065,0.00860101096546807,0.8535824219936607
cube2_to_cube1,7-1/78,7,7,1.9595445277534573e-32,0.000326924043197275,1.998151938117341e-07,3.732443640335495e-28,7.458988889649668e-08,0.03601866817578154,0.0017028962326394836,0.9619512371432991
