run_id,direction,train_suffix,test_suffix,model,seed,condition,n_train,n_validation,training_seconds,evaluation_seconds,parameter_count,calibration,n,n_correct,accuracy,balanced_accuracy,macro_precision,macro_recall,macro_f1,nll,brier,ece_10
suffix_1_to_2__snv_lr__seed_42,suffix_1_to_2,1,2,snv_lr,42,full,520,130,0.6792023000016343,0.26350810000440106,3144,raw,614,517,0.8420195439739414,0.8476851851851852,0.8702382378502358,0.8476851851851852,0.8366197872213655,0.7787079508345081,0.2598665885374122,0.10093545474136481
suffix_1_to_2__snv_lr__seed_42,suffix_1_to_2,1,2,snv_lr,42,full,520,130,0.6792023000016343,0.26350810000440106,3144,temperature_scaled,614,517,0.8420195439739414,0.8476851851851852,0.8702382378502358,0.8476851851851852,0.8366197872213655,0.612696588755041,0.2424701984812002,0.03343284931872112
suffix_1_to_2__snv_lr__seed_42,suffix_1_to_2,1,2,snv_lr,42,spatial_shuffle,520,130,0.6792023000016343,0.2631057999969926,3144,raw,614,517,0.8420195439739414,0.8476851851851852,0.8702382378502358,0.8476851851851852,0.8366197872213655,0.7787079508345081,0.2598665885374122,0.10093545474136481
suffix_1_to_2__snv_lr__seed_42,suffix_1_to_2,1,2,snv_lr,42,spatial_shuffle,520,130,0.6792023000016343,0.2631057999969926,3144,temperature_scaled,614,517,0.8420195439739414,0.8476851851851852,0.8702382378502358,0.8476851851851852,0.8366197872213655,0.612696588755041,0.2424701984812002,0.03343284931872112
suffix_1_to_2__snv_lr__seed_42,suffix_1_to_2,1,2,snv_lr,42,mask_only,520,130,0.6792023000016343,0.2623182999959681,3144,raw,614,54,0.08794788273615635,0.125,0.010993485342019544,0.125,0.020209580838323353,25.200931310944604,1.8241042345276872,0.9120521172638436
suffix_1_to_2__snv_lr__seed_42,suffix_1_to_2,1,2,snv_lr,42,mask_only,520,130,0.6792023000016343,0.2623182999959681,3144,temperature_scaled,614,54,0.08794788273615635,0.125,0.010993485342019544,0.125,0.020209580838323353,25.200931310944604,1.8241042345276872,0.9120521172638436
suffix_1_to_2__snv_lr__seed_42,suffix_1_to_2,1,2,snv_lr,42,mean_broadcast,520,130,0.6792023000016343,0.250597000005655,3144,raw,614,517,0.8420195439739414,0.8476851851851852,0.8702382378502358,0.8476851851851852,0.8366197872213655,0.7787079508345081,0.2598665885374122,0.10093545474136481
suffix_1_to_2__snv_lr__seed_42,suffix_1_to_2,1,2,snv_lr,42,mean_broadcast,520,130,0.6792023000016343,0.250597000005655,3144,temperature_scaled,614,517,0.8420195439739414,0.8476851851851852,0.8702382378502358,0.8476851851851852,0.8366197872213655,0.612696588755041,0.2424701984812002,0.03343284931872112
suffix_1_to_2__spectral_only__seed_42,suffix_1_to_2,1,2,spectral_only,42,full,520,130,18.793294700000843,7.950406100004329,79624,raw,614,80,0.13029315960912052,0.125,0.016286644951140065,0.125,0.02881844380403458,2.077785029378267,0.8745935161988653,0.0013881517827156742
suffix_1_to_2__spectral_only__seed_42,suffix_1_to_2,1,2,spectral_only,42,full,520,130,18.793294700000843,7.950406100004329,79624,temperature_scaled,614,80,0.13029315960912052,0.125,0.016286644951140065,0.125,0.02881844380403458,2.077671505539179,0.874566726348752,0.002047532554026482
suffix_1_to_2__spectral_only__seed_42,suffix_1_to_2,1,2,spectral_only,42,spatial_shuffle,520,130,18.793294700000843,8.239060300002166,79624,raw,614,80,0.13029315960912052,0.125,0.016286644951140065,0.125,0.02881844380403458,2.077785029378267,0.8745935161988653,0.0013881517827156742
suffix_1_to_2__spectral_only__seed_42,suffix_1_to_2,1,2,spectral_only,42,spatial_shuffle,520,130,18.793294700000843,8.239060300002166,79624,temperature_scaled,614,80,0.13029315960912052,0.125,0.016286644951140065,0.125,0.02881844380403458,2.077671505539179,0.874566726348752,0.002047532554026482
suffix_1_to_2__spectral_only__seed_42,suffix_1_to_2,1,2,spectral_only,42,mask_only,520,130,18.793294700000843,8.157561500003794,79624,raw,614,80,0.13029315960912052,0.125,0.016286644951140065,0.125,0.02881844380403458,2.077605836278989,0.8745506393412106,0.0010926198565656131
suffix_1_to_2__spectral_only__seed_42,suffix_1_to_2,1,2,spectral_only,42,mask_only,520,130,18.793294700000843,8.157561500003794,79624,temperature_scaled,614,80,0.13029315960912052,0.125,0.016286644951140065,0.125,0.02881844380403458,2.077469901255276,0.8745184904185332,0.0006839006212610299
suffix_1_to_2__spectral_only__seed_42,suffix_1_to_2,1,2,spectral_only,42,mean_broadcast,520,130,18.793294700000843,8.508724899998924,79624,raw,614,80,0.13029315960912052,0.125,0.016286644951140065,0.125,0.02881844380403458,2.077785029378267,0.8745935161988653,0.0013881517827156742
suffix_1_to_2__spectral_only__seed_42,suffix_1_to_2,1,2,spectral_only,42,mean_broadcast,520,130,18.793294700000843,8.508724899998924,79624,temperature_scaled,614,80,0.13029315960912052,0.125,0.016286644951140065,0.125,0.02881844380403458,2.077671505539179,0.874566726348752,0.002047532554026482
suffix_1_to_2__fusion_net__seed_42,suffix_1_to_2,1,2,fusion_net,42,full,520,130,88.57314909999695,10.296157699995092,209000,raw,614,172,0.28013029315960913,0.3018518518518518,0.22174908568110535,0.3018518518518518,0.2261881771077509,1.9327534489547684,0.8364190724624323,0.06869136933576192
suffix_1_to_2__fusion_net__seed_42,suffix_1_to_2,1,2,fusion_net,42,full,520,130,88.57314909999695,10.296157699995092,209000,temperature_scaled,614,172,0.28013029315960913,0.3018518518518518,0.22174908568110535,0.3018518518518518,0.2261881771077509,1.8986013225605443,0.8268984228214513,0.04195634945903018
suffix_1_to_2__fusion_net__seed_42,suffix_1_to_2,1,2,fusion_net,42,spatial_shuffle,520,130,88.57314909999695,10.394341700004588,209000,raw,614,165,0.2687296416938111,0.290162037037037,0.2503658607819619,0.290162037037037,0.22678460989167426,1.9781735973591943,0.8547688116485045,0.09228467476283922
suffix_1_to_2__fusion_net__seed_42,suffix_1_to_2,1,2,fusion_net,42,spatial_shuffle,520,130,88.57314909999695,10.394341700004588,209000,temperature_scaled,614,165,0.2687296416938111,0.290162037037037,0.2503658607819619,0.290162037037037,0.22678460989167426,1.9286036679159175,0.8370529333607811,0.04747594807099035
suffix_1_to_2__fusion_net__seed_42,suffix_1_to_2,1,2,fusion_net,42,mask_only,520,130,88.57314909999695,10.44320449999941,209000,raw,614,159,0.25895765472312704,0.2800347222222222,0.2288449451223418,0.2800347222222222,0.21934947185919818,1.9854723388121815,0.8560347478710788,0.08012311081538234
suffix_1_to_2__fusion_net__seed_42,suffix_1_to_2,1,2,fusion_net,42,mask_only,520,130,88.57314909999695,10.44320449999941,209000,temperature_scaled,614,159,0.25895765472312704,0.2800347222222222,0.2288449451223418,0.2800347222222222,0.21934947185919818,1.9286034977989082,0.8374144199198795,0.03535032190196268
suffix_1_to_2__fusion_net__seed_42,suffix_1_to_2,1,2,fusion_net,42,mean_broadcast,520,130,88.57314909999695,10.38917660000152,209000,raw,614,160,0.26058631921824105,0.2815972222222222,0.23372915410814177,0.2815972222222222,0.21851523730620376,1.9781200410002733,0.8557611706791898,0.07753042263670855
suffix_1_to_2__fusion_net__seed_42,suffix_1_to_2,1,2,fusion_net,42,mean_broadcast,520,130,88.57314909999695,10.38917660000152,209000,temperature_scaled,614,160,0.26058631921824105,0.2815972222222222,0.23372915410814177,0.2815972222222222,0.21851523730620376,1.928117112491031,0.8372591560743544,0.04505934667518007
suffix_1_to_2__snv_lr__seed_2024,suffix_1_to_2,1,2,snv_lr,2024,full,520,130,0.6531845000063186,0.2608872000055271,3144,raw,614,509,0.8289902280130294,0.8351851851851853,0.8582146454452382,0.8351851851851853,0.8232901906117867,0.9892725716801887,0.28638313886640465,0.1284226432908018
suffix_1_to_2__snv_lr__seed_2024,suffix_1_to_2,1,2,snv_lr,2024,full,520,130,0.6531845000063186,0.2608872000055271,3144,temperature_scaled,614,509,0.8289902280130294,0.8351851851851853,0.8582146454452382,0.8351851851851853,0.8232901906117867,0.6877532238802984,0.26084594875538675,0.08038775653201481
suffix_1_to_2__snv_lr__seed_2024,suffix_1_to_2,1,2,snv_lr,2024,spatial_shuffle,520,130,0.6531845000063186,0.28435719999833964,3144,raw,614,509,0.8289902280130294,0.8351851851851853,0.8582146454452382,0.8351851851851853,0.8232901906117867,0.9892725716801887,0.28638313886640465,0.1284226432908018
suffix_1_to_2__snv_lr__seed_2024,suffix_1_to_2,1,2,snv_lr,2024,spatial_shuffle,520,130,0.6531845000063186,0.28435719999833964,3144,temperature_scaled,614,509,0.8289902280130294,0.8351851851851853,0.8582146454452382,0.8351851851851853,0.8232901906117867,0.6877532238802984,0.26084594875538675,0.08038775653201481
suffix_1_to_2__snv_lr__seed_2024,suffix_1_to_2,1,2,snv_lr,2024,mask_only,520,130,0.6531845000063186,0.2810049999970943,3144,raw,614,80,0.13029315960912052,0.125,0.016286644951140065,0.125,0.02881844380403458,24.03088807150789,1.739413680781759,0.8697068403908794
suffix_1_to_2__snv_lr__seed_2024,suffix_1_to_2,1,2,snv_lr,2024,mask_only,520,130,0.6531845000063186,0.2810049999970943,3144,temperature_scaled,614,80,0.13029315960912052,0.125,0.016286644951140065,0.125,0.02881844380403458,24.03088807150789,1.739413680781759,0.8697068403908794
suffix_1_to_2__snv_lr__seed_2024,suffix_1_to_2,1,2,snv_lr,2024,mean_broadcast,520,130,0.6531845000063186,0.2782692999971914,3144,raw,614,509,0.8289902280130294,0.8351851851851853,0.8582146454452382,0.8351851851851853,0.8232901906117867,0.9892725716801887,0.28638313886640465,0.1284226432908018
suffix_1_to_2__snv_lr__seed_2024,suffix_1_to_2,1,2,snv_lr,2024,mean_broadcast,520,130,0.6531845000063186,0.2782692999971914,3144,temperature_scaled,614,509,0.8289902280130294,0.8351851851851853,0.8582146454452382,0.8351851851851853,0.8232901906117867,0.6877532238802984,0.26084594875538675,0.08038775653201481
suffix_1_to_2__spectral_only__seed_2024,suffix_1_to_2,1,2,spectral_only,2024,full,520,130,20.37219719999848,8.220713200003956,79624,raw,614,99,0.16123778501628663,0.17048611111111112,0.08261106271777004,0.17048611111111112,0.08566757759125512,2.0797893404745964,0.87508616495735,0.03431909308406911
suffix_1_to_2__spectral_only__seed_2024,suffix_1_to_2,1,2,spectral_only,2024,full,520,130,20.37219719999848,8.220713200003956,79624,temperature_scaled,614,99,0.16123778501628663,0.17048611111111112,0.08261106271777004,0.17048611111111112,0.08566757759125512,2.080340919532781,0.8752209216621719,0.03224577632055567
suffix_1_to_2__spectral_only__seed_2024,suffix_1_to_2,1,2,spectral_only,2024,spatial_shuffle,520,130,20.37219719999848,8.253388500001165,79624,raw,614,99,0.16123778501628663,0.17048611111111112,0.08261106271777004,0.17048611111111112,0.08566757759125512,2.0797893404745964,0.87508616495735,0.03431909308406911
suffix_1_to_2__spectral_only__seed_2024,suffix_1_to_2,1,2,spectral_only,2024,spatial_shuffle,520,130,20.37219719999848,8.253388500001165,79624,temperature_scaled,614,99,0.16123778501628663,0.17048611111111112,0.08261106271777004,0.17048611111111112,0.08566757759125512,2.080340919532781,0.8752209216621719,0.03224577632055567
suffix_1_to_2__spectral_only__seed_2024,suffix_1_to_2,1,2,spectral_only,2024,mask_only,520,130,20.37219719999848,8.233914999997069,79624,raw,614,80,0.13029315960912052,0.125,0.016286644951140065,0.125,0.02881844380403458,2.079573690516797,0.8750311595085982,0.0018459865000330644
suffix_1_to_2__spectral_only__seed_2024,suffix_1_to_2,1,2,spectral_only,2024,mask_only,520,130,20.37219719999848,8.233914999997069,79624,temperature_scaled,614,80,0.13029315960912052,0.125,0.016286644951140065,0.125,0.02881844380403458,2.0805732167267172,0.8752838073517936,0.00985823324376775
suffix_1_to_2__spectral_only__seed_2024,suffix_1_to_2,1,2,spectral_only,2024,mean_broadcast,520,130,20.37219719999848,8.192284400000062,79624,raw,614,99,0.16123778501628663,0.17048611111111112,0.08261106271777004,0.17048611111111112,0.08566757759125512,2.0797893404745964,0.87508616495735,0.03431909308406911
suffix_1_to_2__spectral_only__seed_2024,suffix_1_to_2,1,2,spectral_only,2024,mean_broadcast,520,130,20.37219719999848,8.192284400000062,79624,temperature_scaled,614,99,0.16123778501628663,0.17048611111111112,0.08261106271777004,0.17048611111111112,0.08566757759125512,2.080340919532781,0.8752209216621719,0.03224577632055567
suffix_1_to_2__fusion_net__seed_2024,suffix_1_to_2,1,2,fusion_net,2024,full,520,130,60.56214029999683,10.264079099993978,209000,raw,614,180,0.2931596091205212,0.3128472222222222,0.19641968635376342,0.3128472222222222,0.22607960284005962,1.8918036156329947,0.8161017998363949,0.036943969886908574
suffix_1_to_2__fusion_net__seed_2024,suffix_1_to_2,1,2,fusion_net,2024,full,520,130,60.56214029999683,10.264079099993978,209000,temperature_scaled,614,180,0.2931596091205212,0.3128472222222222,0.19641968635376342,0.3128472222222222,0.22607960284005962,1.8923362682941904,0.8161327791575907,0.03303236639795953
suffix_1_to_2__fusion_net__seed_2024,suffix_1_to_2,1,2,fusion_net,2024,spatial_shuffle,520,130,60.56214029999683,10.491495000002033,209000,raw,614,168,0.2736156351791531,0.29560185185185184,0.1920340599460967,0.29560185185185184,0.21108876877442495,1.9129256935260868,0.8256538888866126,0.04379259175208859
suffix_1_to_2__fusion_net__seed_2024,suffix_1_to_2,1,2,fusion_net,2024,spatial_shuffle,520,130,60.56214029999683,10.491495000002033,209000,temperature_scaled,614,168,0.2736156351791531,0.29560185185185184,0.1920340599460967,0.29560185185185184,0.21108876877442495,1.9136401410011632,0.8258285821197078,0.04586356942735556
suffix_1_to_2__fusion_net__seed_2024,suffix_1_to_2,1,2,fusion_net,2024,mask_only,520,130,60.56214029999683,10.57510000000184,209000,raw,614,170,0.2768729641693811,0.2987268518518519,0.1981934731934732,0.2987268518518519,0.21627325114921253,1.9149455087466793,0.8268877442597371,0.04217965632740819
suffix_1_to_2__fusion_net__seed_2024,suffix_1_to_2,1,2,fusion_net,2024,mask_only,520,130,60.56214029999683,10.57510000000184,209000,temperature_scaled,614,170,0.2768729641693811,0.2987268518518519,0.1981934731934732,0.2987268518518519,0.21627325114921253,1.9157596982426501,0.8271016678874223,0.03949475204046505
suffix_1_to_2__fusion_net__seed_2024,suffix_1_to_2,1,2,fusion_net,2024,mean_broadcast,520,130,60.56214029999683,10.625605700006417,209000,raw,614,170,0.2768729641693811,0.2987268518518519,0.19879892935050403,0.2987268518518519,0.216078607870118,1.9130697895428173,0.826490046114489,0.04826679534342516
suffix_1_to_2__fusion_net__seed_2024,suffix_1_to_2,1,2,fusion_net,2024,mean_broadcast,520,130,60.56214029999683,10.625605700006417,209000,temperature_scaled,614,170,0.2768729641693811,0.2987268518518519,0.19879892935050403,0.2987268518518519,0.216078607870118,1.913814599819065,0.8266897561535997,0.041404121948851395
suffix_1_to_2__snv_lr__seed_2025,suffix_1_to_2,1,2,snv_lr,2025,full,520,130,0.6526290000037989,0.27298419999715406,3144,raw,614,511,0.8322475570032574,0.8383101851851852,0.8580690530280194,0.8383101851851852,0.8236983029534173,0.6527531405942848,0.26397731946883835,0.06271887306457397
suffix_1_to_2__snv_lr__seed_2025,suffix_1_to_2,1,2,snv_lr,2025,full,520,130,0.6526290000037989,0.27298419999715406,3144,temperature_scaled,614,511,0.8322475570032574,0.8383101851851852,0.8580690530280194,0.8383101851851852,0.8236983029534173,0.6251689168609553,0.2604705286365399,0.04343748573057211
suffix_1_to_2__snv_lr__seed_2025,suffix_1_to_2,1,2,snv_lr,2025,spatial_shuffle,520,130,0.6526290000037989,0.2796904000060749,3144,raw,614,511,0.8322475570032574,0.8383101851851852,0.8580690530280194,0.8383101851851852,0.8236983029534173,0.6527531405942848,0.26397731946883835,0.06271887306457397
suffix_1_to_2__snv_lr__seed_2025,suffix_1_to_2,1,2,snv_lr,2025,spatial_shuffle,520,130,0.6526290000037989,0.2796904000060749,3144,temperature_scaled,614,511,0.8322475570032574,0.8383101851851852,0.8580690530280194,0.8383101851851852,0.8236983029534173,0.6251689168609553,0.2604705286365399,0.04343748573057211
suffix_1_to_2__snv_lr__seed_2025,suffix_1_to_2,1,2,snv_lr,2025,mask_only,520,130,0.6526290000037989,0.2839953000002424,3144,raw,614,80,0.13029315960912052,0.125,0.016286644951140065,0.125,0.02881844380403458,24.03088807150789,1.739413680781759,0.8697068403908794
suffix_1_to_2__snv_lr__seed_2025,suffix_1_to_2,1,2,snv_lr,2025,mask_only,520,130,0.6526290000037989,0.2839953000002424,3144,temperature_scaled,614,80,0.13029315960912052,0.125,0.016286644951140065,0.125,0.02881844380403458,24.03088807150789,1.739413680781759,0.8697068403908794
suffix_1_to_2__snv_lr__seed_2025,suffix_1_to_2,1,2,snv_lr,2025,mean_broadcast,520,130,0.6526290000037989,0.2836119999992661,3144,raw,614,511,0.8322475570032574,0.8383101851851852,0.8580690530280194,0.8383101851851852,0.8236983029534173,0.6527531405942848,0.26397731946883835,0.06271887306457397
suffix_1_to_2__snv_lr__seed_2025,suffix_1_to_2,1,2,snv_lr,2025,mean_broadcast,520,130,0.6526290000037989,0.2836119999992661,3144,temperature_scaled,614,511,0.8322475570032574,0.8383101851851852,0.8580690530280194,0.8383101851851852,0.8236983029534173,0.6251689168609553,0.2604705286365399,0.04343748573057211
suffix_1_to_2__spectral_only__seed_2025,suffix_1_to_2,1,2,spectral_only,2025,full,520,130,29.625606700006756,8.311082100000931,79624,raw,614,322,0.5244299674267101,0.5309606481481481,0.4728128382506785,0.5309606481481481,0.4946227064536025,1.2855022318312488,0.6324696332847017,0.15857869719674814
suffix_1_to_2__spectral_only__seed_2025,suffix_1_to_2,1,2,spectral_only,2025,full,520,130,29.625606700006756,8.311082100000931,79624,temperature_scaled,614,322,0.5244299674267101,0.5309606481481481,0.4728128382506785,0.5309606481481481,0.4946227064536025,1.2044681571746563,0.5979638276929974,0.07722698348759562
suffix_1_to_2__spectral_only__seed_2025,suffix_1_to_2,1,2,spectral_only,2025,spatial_shuffle,520,130,29.625606700006756,8.165641200001119,79624,raw,614,322,0.5244299674267101,0.5309606481481481,0.4728128382506785,0.5309606481481481,0.4946227064536025,1.2855022318312488,0.6324696332847017,0.15857869719674814
suffix_1_to_2__spectral_only__seed_2025,suffix_1_to_2,1,2,spectral_only,2025,spatial_shuffle,520,130,29.625606700006756,8.165641200001119,79624,temperature_scaled,614,322,0.5244299674267101,0.5309606481481481,0.4728128382506785,0.5309606481481481,0.4946227064536025,1.2044681571746563,0.5979638276929974,0.07722698348759562
suffix_1_to_2__spectral_only__seed_2025,suffix_1_to_2,1,2,spectral_only,2025,mask_only,520,130,29.625606700006756,8.391094300000987,79624,raw,614,54,0.08794788273615635,0.125,0.010993485342019544,0.125,0.020209580838323353,7.369296684751481,1.7558954126552135,0.8786157871352522
suffix_1_to_2__spectral_only__seed_2025,suffix_1_to_2,1,2,spectral_only,2025,mask_only,520,130,29.625606700006756,8.391094300000987,79624,temperature_scaled,614,54,0.08794788273615635,0.125,0.010993485342019544,0.125,0.020209580838323353,12.891237696055846,1.8216521710931641,0.9108749689852791
suffix_1_to_2__spectral_only__seed_2025,suffix_1_to_2,1,2,spectral_only,2025,mean_broadcast,520,130,29.625606700006756,8.101799199997913,79624,raw,614,322,0.5244299674267101,0.5309606481481481,0.4728128382506785,0.5309606481481481,0.4946227064536025,1.2855022318312488,0.6324696332847017,0.15857869719674814
suffix_1_to_2__spectral_only__seed_2025,suffix_1_to_2,1,2,spectral_only,2025,mean_broadcast,520,130,29.625606700006756,8.101799199997913,79624,temperature_scaled,614,322,0.5244299674267101,0.5309606481481481,0.4728128382506785,0.5309606481481481,0.4946227064536025,1.2044681571746563,0.5979638276929974,0.07722698348759562
suffix_1_to_2__fusion_net__seed_2025,suffix_1_to_2,1,2,fusion_net,2025,full,520,130,90.57152959999803,10.542967399996996,209000,raw,614,272,0.44299674267100975,0.4558449074074074,0.45574840253774646,0.4558449074074074,0.4468203392437672,1.4586134589700086,0.6799680073970306,0.06816534931270372
suffix_1_to_2__fusion_net__seed_2025,suffix_1_to_2,1,2,fusion_net,2025,full,520,130,90.57152959999803,10.542967399996996,209000,temperature_scaled,614,272,0.44299674267100975,0.4558449074074074,0.45574840253774646,0.4558449074074074,0.4468203392437672,1.453861378938669,0.6800621597099368,0.04056228333424465
suffix_1_to_2__fusion_net__seed_2025,suffix_1_to_2,1,2,fusion_net,2025,spatial_shuffle,520,130,90.57152959999803,10.772395199994207,209000,raw,614,245,0.3990228013029316,0.41290509259259256,0.40725516785993326,0.41290509259259256,0.39515447182425334,1.4866490159400472,0.6934729709140598,0.023153207650340655
suffix_1_to_2__fusion_net__seed_2025,suffix_1_to_2,1,2,fusion_net,2025,spatial_shuffle,520,130,90.57152959999803,10.772395199994207,209000,temperature_scaled,614,245,0.3990228013029316,0.41290509259259256,0.40725516785993326,0.41290509259259256,0.39515447182425334,1.5046250599070616,0.7056962462282657,0.08317506481008514
suffix_1_to_2__fusion_net__seed_2025,suffix_1_to_2,1,2,fusion_net,2025,mask_only,520,130,90.57152959999803,10.698244999999588,209000,raw,614,113,0.18403908794788273,0.2126736111111111,0.1269798409433748,0.2126736111111111,0.12916061594168338,3.139101666808773,0.9785300667403295,0.2457249868168565
suffix_1_to_2__fusion_net__seed_2025,suffix_1_to_2,1,2,fusion_net,2025,mask_only,520,130,90.57152959999803,10.698244999999588,209000,temperature_scaled,614,113,0.18403908794788273,0.2126736111111111,0.1269798409433748,0.2126736111111111,0.12916061594168338,4.005831614883054,1.0528752345479437,0.3413949978531828
suffix_1_to_2__fusion_net__seed_2025,suffix_1_to_2,1,2,fusion_net,2025,mean_broadcast,520,130,90.57152959999803,10.775327700001071,209000,raw,614,251,0.40879478827361565,0.42378472222222224,0.41990747487071284,0.42378472222222224,0.40607071911106246,1.4834838604253788,0.6908930572382879,0.020586333094077678
suffix_1_to_2__fusion_net__seed_2025,suffix_1_to_2,1,2,fusion_net,2025,mean_broadcast,520,130,90.57152959999803,10.775327700001071,209000,temperature_scaled,614,251,0.40879478827361565,0.42378472222222224,0.41990747487071284,0.42378472222222224,0.40607071911106246,1.4997625637591598,0.7015150399059354,0.07087166449735559
suffix_2_to_1__snv_lr__seed_42,suffix_2_to_1,2,1,snv_lr,42,full,491,123,0.7215747000009287,0.2677345999982208,3144,raw,650,580,0.8923076923076924,0.8909722222222223,0.893265568395581,0.8909722222222223,0.888988215500772,0.3561019144362677,0.164112394468981,0.026352495871665393
suffix_2_to_1__snv_lr__seed_42,suffix_2_to_1,2,1,snv_lr,42,full,491,123,0.7215747000009287,0.2677345999982208,3144,temperature_scaled,650,580,0.8923076923076924,0.8909722222222223,0.893265568395581,0.8909722222222223,0.888988215500772,0.35854195978285297,0.1643412359380177,0.027988318138691855
suffix_2_to_1__snv_lr__seed_42,suffix_2_to_1,2,1,snv_lr,42,spatial_shuffle,491,123,0.7215747000009287,0.2696481999955722,3144,raw,650,580,0.8923076923076924,0.8909722222222223,0.893265568395581,0.8909722222222223,0.888988215500772,0.3561019144362677,0.164112394468981,0.026352495871665393
suffix_2_to_1__snv_lr__seed_42,suffix_2_to_1,2,1,snv_lr,42,spatial_shuffle,491,123,0.7215747000009287,0.2696481999955722,3144,temperature_scaled,650,580,0.8923076923076924,0.8909722222222223,0.893265568395581,0.8909722222222223,0.888988215500772,0.35854195978285297,0.1643412359380177,0.027988318138691855
suffix_2_to_1__snv_lr__seed_42,suffix_2_to_1,2,1,snv_lr,42,mask_only,491,123,0.7215747000009287,0.2753809999994701,3144,raw,650,90,0.13846153846153847,0.125,0.01730769230769231,0.125,0.030405405405405407,23.805187422953825,1.7230769230769232,0.8615384615384616
suffix_2_to_1__snv_lr__seed_42,suffix_2_to_1,2,1,snv_lr,42,mask_only,491,123,0.7215747000009287,0.2753809999994701,3144,temperature_scaled,650,90,0.13846153846153847,0.125,0.01730769230769231,0.125,0.030405405405405407,23.805187422953825,1.7230769230769232,0.8615384615384616
suffix_2_to_1__snv_lr__seed_42,suffix_2_to_1,2,1,snv_lr,42,mean_broadcast,491,123,0.7215747000009287,0.273164899997937,3144,raw,650,580,0.8923076923076924,0.8909722222222223,0.893265568395581,0.8909722222222223,0.888988215500772,0.3561019144362677,0.164112394468981,0.026352495871665393
suffix_2_to_1__snv_lr__seed_42,suffix_2_to_1,2,1,snv_lr,42,mean_broadcast,491,123,0.7215747000009287,0.273164899997937,3144,temperature_scaled,650,580,0.8923076923076924,0.8909722222222223,0.893265568395581,0.8909722222222223,0.888988215500772,0.35854195978285297,0.1643412359380177,0.027988318138691855
suffix_2_to_1__spectral_only__seed_42,suffix_2_to_1,2,1,spectral_only,42,full,491,123,20.184931499999948,8.175140999999712,79624,raw,650,79,0.12153846153846154,0.1234375,0.02193877551020408,0.1234375,0.03555394949409064,2.0795641086822503,0.8750308246996046,0.005186790031370653
suffix_2_to_1__spectral_only__seed_42,suffix_2_to_1,2,1,spectral_only,42,full,491,123,20.184931499999948,8.175140999999712,79624,temperature_scaled,650,79,0.12153846153846154,0.1234375,0.02193877551020408,0.1234375,0.03555394949409064,2.079457963280668,0.8750041189589924,0.0038924202247261896
suffix_2_to_1__spectral_only__seed_42,suffix_2_to_1,2,1,spectral_only,42,spatial_shuffle,491,123,20.184931499999948,8.09807909999654,79624,raw,650,79,0.12153846153846154,0.1234375,0.02193877551020408,0.1234375,0.03555394949409064,2.0795641086822503,0.8750308246996046,0.005186790031370653
suffix_2_to_1__spectral_only__seed_42,suffix_2_to_1,2,1,spectral_only,42,spatial_shuffle,491,123,20.184931499999948,8.09807909999654,79624,temperature_scaled,650,79,0.12153846153846154,0.1234375,0.02193877551020408,0.1234375,0.03555394949409064,2.079457963280668,0.8750041189589924,0.0038924202247261896
suffix_2_to_1__spectral_only__seed_42,suffix_2_to_1,2,1,spectral_only,42,mask_only,491,123,20.184931499999948,8.214200900001742,79624,raw,650,80,0.12307692307692308,0.125,0.015384615384615385,0.125,0.027397260273972605,2.0797358359131852,0.8750732953616261,0.003959735490831673
suffix_2_to_1__spectral_only__seed_42,suffix_2_to_1,2,1,spectral_only,42,mask_only,491,123,20.184931499999948,8.214200900001742,79624,temperature_scaled,650,80,0.12307692307692308,0.125,0.015384615384615385,0.125,0.027397260273972605,2.0795049319095065,0.8750158310783179,0.002430437898462562
suffix_2_to_1__spectral_only__seed_42,suffix_2_to_1,2,1,spectral_only,42,mean_broadcast,491,123,20.184931499999948,8.188551999999618,79624,raw,650,79,0.12153846153846154,0.1234375,0.02193877551020408,0.1234375,0.03555394949409064,2.0795641086822503,0.8750308246996046,0.005186790031370653
suffix_2_to_1__spectral_only__seed_42,suffix_2_to_1,2,1,spectral_only,42,mean_broadcast,491,123,20.184931499999948,8.188551999999618,79624,temperature_scaled,650,79,0.12153846153846154,0.1234375,0.02193877551020408,0.1234375,0.03555394949409064,2.079457963280668,0.8750041189589924,0.0038924202247261896
suffix_2_to_1__fusion_net__seed_42,suffix_2_to_1,2,1,fusion_net,42,full,491,123,152.94232100000227,10.588414300000295,209000,raw,650,271,0.4169230769230769,0.4189236111111111,0.4260261534701879,0.4189236111111111,0.407270044902608,1.5097240543652726,0.7132709183102158,0.11502250138065448
suffix_2_to_1__fusion_net__seed_42,suffix_2_to_1,2,1,fusion_net,42,full,491,123,152.94232100000227,10.588414300000295,209000,temperature_scaled,650,271,0.4169230769230769,0.4189236111111111,0.4260261534701879,0.4189236111111111,0.407270044902608,1.4589191225564333,0.690386513398617,0.0334731591612306
suffix_2_to_1__fusion_net__seed_42,suffix_2_to_1,2,1,fusion_net,42,spatial_shuffle,491,123,152.94232100000227,10.73231620000297,209000,raw,650,128,0.19692307692307692,0.19392361111111112,0.19199148745519715,0.19392361111111112,0.15547339397005816,2.850264457675199,0.9789747685122591,0.24332661104036535
suffix_2_to_1__fusion_net__seed_42,suffix_2_to_1,2,1,fusion_net,42,spatial_shuffle,491,123,152.94232100000227,10.73231620000297,209000,temperature_scaled,650,128,0.19692307692307692,0.19392361111111112,0.19199148745519715,0.19392361111111112,0.15547339397005816,2.433317985655835,0.9253262190008964,0.16547008015397588
suffix_2_to_1__fusion_net__seed_42,suffix_2_to_1,2,1,fusion_net,42,mask_only,491,123,152.94232100000227,10.56586189999507,209000,raw,650,127,0.19538461538461538,0.19357638888888887,0.19329894281948332,0.19357638888888887,0.16143612898886145,2.9416991107207004,0.9793826879853882,0.25878053889336544
suffix_2_to_1__fusion_net__seed_42,suffix_2_to_1,2,1,fusion_net,42,mask_only,491,123,152.94232100000227,10.56586189999507,209000,temperature_scaled,650,127,0.19538461538461538,0.19357638888888887,0.19329894281948332,0.19357638888888887,0.16143612898886145,2.482560352880154,0.926220278967963,0.18271675805263357
suffix_2_to_1__fusion_net__seed_42,suffix_2_to_1,2,1,fusion_net,42,mean_broadcast,491,123,152.94232100000227,10.717045499994128,209000,raw,650,130,0.2,0.19739583333333333,0.18194695893760893,0.19739583333333333,0.15406027555296323,2.8638825134814114,0.9777262612145992,0.255811284645216
suffix_2_to_1__fusion_net__seed_42,suffix_2_to_1,2,1,fusion_net,42,mean_broadcast,491,123,152.94232100000227,10.717045499994128,209000,temperature_scaled,650,130,0.2,0.19739583333333333,0.18194695893760893,0.19739583333333333,0.15406027555296323,2.435597966085888,0.9228662941389334,0.1743230506592559
suffix_2_to_1__snv_lr__seed_2024,suffix_2_to_1,2,1,snv_lr,2024,full,491,123,0.6618155999967712,0.2842078000030597,3144,raw,650,575,0.8846153846153846,0.8836805555555556,0.8810907992426256,0.8836805555555556,0.8806047604118019,0.5463164067143542,0.19687059991570588,0.06711568154958122
suffix_2_to_1__snv_lr__seed_2024,suffix_2_to_1,2,1,snv_lr,2024,full,491,123,0.6618155999967712,0.2842078000030597,3144,temperature_scaled,650,575,0.8846153846153846,0.8836805555555556,0.8810907992426256,0.8836805555555556,0.8806047604118019,0.41869629770090927,0.18950554773824094,0.030047506695614075
suffix_2_to_1__snv_lr__seed_2024,suffix_2_to_1,2,1,snv_lr,2024,spatial_shuffle,491,123,0.6618155999967712,0.28924490000645164,3144,raw,650,575,0.8846153846153846,0.8836805555555556,0.8810907992426256,0.8836805555555556,0.8806047604118019,0.5463164067143542,0.19687059991570588,0.06711568154958122
suffix_2_to_1__snv_lr__seed_2024,suffix_2_to_1,2,1,snv_lr,2024,spatial_shuffle,491,123,0.6618155999967712,0.28924490000645164,3144,temperature_scaled,650,575,0.8846153846153846,0.8836805555555556,0.8810907992426256,0.8836805555555556,0.8806047604118019,0.41869629770090927,0.18950554773824094,0.030047506695614075
suffix_2_to_1__snv_lr__seed_2024,suffix_2_to_1,2,1,snv_lr,2024,mask_only,491,123,0.6618155999967712,0.2932264999981271,3144,raw,650,90,0.13846153846153847,0.125,0.01730769230769231,0.125,0.030405405405405407,23.805187422953825,1.7230769230769232,0.8615384615384616
suffix_2_to_1__snv_lr__seed_2024,suffix_2_to_1,2,1,snv_lr,2024,mask_only,491,123,0.6618155999967712,0.2932264999981271,3144,temperature_scaled,650,90,0.13846153846153847,0.125,0.01730769230769231,0.125,0.030405405405405407,23.805187422953825,1.7230769230769232,0.8615384615384616
suffix_2_to_1__snv_lr__seed_2024,suffix_2_to_1,2,1,snv_lr,2024,mean_broadcast,491,123,0.6618155999967712,0.2949910999959684,3144,raw,650,575,0.8846153846153846,0.8836805555555556,0.8810907992426256,0.8836805555555556,0.8806047604118019,0.5463164067143542,0.19687059991570588,0.06711568154958122
suffix_2_to_1__snv_lr__seed_2024,suffix_2_to_1,2,1,snv_lr,2024,mean_broadcast,491,123,0.6618155999967712,0.2949910999959684,3144,temperature_scaled,650,575,0.8846153846153846,0.8836805555555556,0.8810907992426256,0.8836805555555556,0.8806047604118019,0.41869629770090927,0.18950554773824094,0.030047506695614075
suffix_2_to_1__spectral_only__seed_2024,suffix_2_to_1,2,1,spectral_only,2024,full,491,123,18.90815350000048,8.271762499993201,79624,raw,650,90,0.13846153846153847,0.125,0.01730769230769231,0.125,0.030405405405405407,2.0789247002363256,0.8748706806257294,0.010359427422774126
suffix_2_to_1__spectral_only__seed_2024,suffix_2_to_1,2,1,spectral_only,2024,full,491,123,18.90815350000048,8.271762499993201,79624,temperature_scaled,650,90,0.13846153846153847,0.125,0.01730769230769231,0.125,0.030405405405405407,2.0787270743687696,0.8748169455477482,0.0007698150423907923
suffix_2_to_1__spectral_only__seed_2024,suffix_2_to_1,2,1,spectral_only,2024,spatial_shuffle,491,123,18.90815350000048,8.315516500006197,79624,raw,650,90,0.13846153846153847,0.125,0.01730769230769231,0.125,0.030405405405405407,2.0789247002363256,0.8748706806257294,0.010359427422774126
suffix_2_to_1__spectral_only__seed_2024,suffix_2_to_1,2,1,spectral_only,2024,spatial_shuffle,491,123,18.90815350000048,8.315516500006197,79624,temperature_scaled,650,90,0.13846153846153847,0.125,0.01730769230769231,0.125,0.030405405405405407,2.0787270743687696,0.8748169455477482,0.0007698150423907923
suffix_2_to_1__spectral_only__seed_2024,suffix_2_to_1,2,1,spectral_only,2024,mask_only,491,123,18.90815350000048,8.37528790000215,79624,raw,650,80,0.12307692307692308,0.125,0.015384615384615385,0.125,0.027397260273972605,2.0797206803441455,0.8750700469295243,0.005778289190212865
suffix_2_to_1__spectral_only__seed_2024,suffix_2_to_1,2,1,spectral_only,2024,mask_only,491,123,18.90815350000048,8.37528790000215,79624,temperature_scaled,650,80,0.12307692307692308,0.125,0.015384615384615385,0.125,0.027397260273972605,2.084083445436666,0.8761225004804186,0.017575391761886633
suffix_2_to_1__spectral_only__seed_2024,suffix_2_to_1,2,1,spectral_only,2024,mean_broadcast,491,123,18.90815350000048,8.23064709999744,79624,raw,650,90,0.13846153846153847,0.125,0.01730769230769231,0.125,0.030405405405405407,2.0789247002363256,0.8748706806257294,0.010359427422774126
suffix_2_to_1__spectral_only__seed_2024,suffix_2_to_1,2,1,spectral_only,2024,mean_broadcast,491,123,18.90815350000048,8.23064709999744,79624,temperature_scaled,650,90,0.13846153846153847,0.125,0.01730769230769231,0.125,0.030405405405405407,2.0787270743687696,0.8748169455477482,0.0007698150423907923
suffix_2_to_1__fusion_net__seed_2024,suffix_2_to_1,2,1,fusion_net,2024,full,491,123,142.183417500004,10.504308499999752,209000,raw,650,270,0.4153846153846154,0.41857638888888893,0.4420300596392143,0.41857638888888893,0.41212834959158484,1.531115134492869,0.7087457827807018,0.05135124145214249
suffix_2_to_1__fusion_net__seed_2024,suffix_2_to_1,2,1,fusion_net,2024,full,491,123,142.183417500004,10.504308499999752,209000,temperature_scaled,650,270,0.4153846153846154,0.41857638888888893,0.4420300596392143,0.41857638888888893,0.41212834959158484,1.5219253404618858,0.7063177251334227,0.04230124668860766
suffix_2_to_1__fusion_net__seed_2024,suffix_2_to_1,2,1,fusion_net,2024,spatial_shuffle,491,123,142.183417500004,10.799215900005947,209000,raw,650,114,0.1753846153846154,0.1708333333333333,0.17722402495442913,0.1708333333333333,0.12162937720499684,2.9077339084715215,0.9843019939131734,0.2397772943938669
suffix_2_to_1__fusion_net__seed_2024,suffix_2_to_1,2,1,fusion_net,2024,spatial_shuffle,491,123,142.183417500004,10.799215900005947,209000,temperature_scaled,650,114,0.1753846153846154,0.1708333333333333,0.17722402495442913,0.1708333333333333,0.12162937720499684,2.8285784871402706,0.9754591294687996,0.22779473839927325
suffix_2_to_1__fusion_net__seed_2024,suffix_2_to_1,2,1,fusion_net,2024,mask_only,491,123,142.183417500004,10.751880299998447,209000,raw,650,118,0.18153846153846154,0.1782986111111111,0.16553752702888147,0.1782986111111111,0.13368524018236297,2.9617510680452317,0.9817244790616092,0.24499026229769877
suffix_2_to_1__fusion_net__seed_2024,suffix_2_to_1,2,1,fusion_net,2024,mask_only,491,123,142.183417500004,10.751880299998447,209000,temperature_scaled,650,118,0.18153846153846154,0.1782986111111111,0.16553752702888147,0.1782986111111111,0.13368524018236297,2.8781726081721457,0.9727758614055787,0.23220325891742827
suffix_2_to_1__fusion_net__seed_2024,suffix_2_to_1,2,1,fusion_net,2024,mean_broadcast,491,123,142.183417500004,10.706412500003353,209000,raw,650,119,0.18307692307692308,0.17864583333333334,0.17986167091394495,0.17864583333333334,0.12785396212528913,2.934034346170729,0.9836745535358041,0.24197954134096722
suffix_2_to_1__fusion_net__seed_2024,suffix_2_to_1,2,1,fusion_net,2024,mean_broadcast,491,123,142.183417500004,10.706412500003353,209000,temperature_scaled,650,119,0.18307692307692308,0.17864583333333334,0.17986167091394495,0.17864583333333334,0.12785396212528913,2.852221085864032,0.9746398768597125,0.22917863591079507
suffix_2_to_1__snv_lr__seed_2025,suffix_2_to_1,2,1,snv_lr,2025,full,491,123,0.6477278000020306,0.2984885999976541,3144,raw,650,568,0.8738461538461538,0.8732638888888888,0.8791232985785375,0.8732638888888888,0.8710035971786674,0.4475887063983368,0.19196638210042838,0.04478410372237369
suffix_2_to_1__snv_lr__seed_2025,suffix_2_to_1,2,1,snv_lr,2025,full,491,123,0.6477278000020306,0.2984885999976541,3144,temperature_scaled,650,568,0.8738461538461538,0.8732638888888888,0.8791232985785375,0.8732638888888888,0.8710035971786674,0.4042941666473236,0.19261416156173372,0.04871219367985103
suffix_2_to_1__snv_lr__seed_2025,suffix_2_to_1,2,1,snv_lr,2025,spatial_shuffle,491,123,0.6477278000020306,0.28744880000158446,3144,raw,650,568,0.8738461538461538,0.8732638888888888,0.8791232985785375,0.8732638888888888,0.8710035971786674,0.4475887063983368,0.19196638210042838,0.04478410372237369
suffix_2_to_1__snv_lr__seed_2025,suffix_2_to_1,2,1,snv_lr,2025,spatial_shuffle,491,123,0.6477278000020306,0.28744880000158446,3144,temperature_scaled,650,568,0.8738461538461538,0.8732638888888888,0.8791232985785375,0.8732638888888888,0.8710035971786674,0.4042941666473236,0.19261416156173372,0.04871219367985103
suffix_2_to_1__snv_lr__seed_2025,suffix_2_to_1,2,1,snv_lr,2025,mask_only,491,123,0.6477278000020306,0.2889276999994763,3144,raw,650,90,0.13846153846153847,0.125,0.01730769230769231,0.125,0.030405405405405407,23.805187422953825,1.7230769230769232,0.8615384615384616
suffix_2_to_1__snv_lr__seed_2025,suffix_2_to_1,2,1,snv_lr,2025,mask_only,491,123,0.6477278000020306,0.2889276999994763,3144,temperature_scaled,650,90,0.13846153846153847,0.125,0.01730769230769231,0.125,0.030405405405405407,23.805187422953825,1.7230769230769232,0.8615384615384616
suffix_2_to_1__snv_lr__seed_2025,suffix_2_to_1,2,1,snv_lr,2025,mean_broadcast,491,123,0.6477278000020306,0.2982140999956755,3144,raw,650,568,0.8738461538461538,0.8732638888888888,0.8791232985785375,0.8732638888888888,0.8710035971786674,0.4475887063983368,0.19196638210042838,0.04478410372237369
suffix_2_to_1__snv_lr__seed_2025,suffix_2_to_1,2,1,snv_lr,2025,mean_broadcast,491,123,0.6477278000020306,0.2982140999956755,3144,temperature_scaled,650,568,0.8738461538461538,0.8732638888888888,0.8791232985785375,0.8732638888888888,0.8710035971786674,0.4042941666473236,0.19261416156173372,0.04871219367985103
suffix_2_to_1__spectral_only__seed_2025,suffix_2_to_1,2,1,spectral_only,2025,full,491,123,24.849262000003364,8.21691060000012,79624,raw,650,233,0.35846153846153844,0.3579861111111111,0.29597739625238345,0.3579861111111111,0.3076765389017798,1.6093204655745335,0.7480285355192504,0.06820266267271309
suffix_2_to_1__spectral_only__seed_2025,suffix_2_to_1,2,1,spectral_only,2025,full,491,123,24.849262000003364,8.21691060000012,79624,temperature_scaled,650,233,0.35846153846153844,0.3579861111111111,0.29597739625238345,0.3579861111111111,0.3076765389017798,1.5978641668090037,0.7435585610341484,0.04512094843353995
suffix_2_to_1__spectral_only__seed_2025,suffix_2_to_1,2,1,spectral_only,2025,spatial_shuffle,491,123,24.849262000003364,8.271434499998577,79624,raw,650,233,0.35846153846153844,0.3579861111111111,0.29597739625238345,0.3579861111111111,0.3076765389017798,1.6093204655745335,0.7480285355192504,0.06820266267271309
suffix_2_to_1__spectral_only__seed_2025,suffix_2_to_1,2,1,spectral_only,2025,spatial_shuffle,491,123,24.849262000003364,8.271434499998577,79624,temperature_scaled,650,233,0.35846153846153844,0.3579861111111111,0.29597739625238345,0.3579861111111111,0.3076765389017798,1.5978641668090037,0.7435585610341484,0.04512094843353995
suffix_2_to_1__spectral_only__seed_2025,suffix_2_to_1,2,1,spectral_only,2025,mask_only,491,123,24.849262000003364,8.24265369999921,79624,raw,650,80,0.12307692307692308,0.125,0.015384615384615385,0.125,0.027397260273972605,3.159037247564056,1.0777945722050257,0.3977211611811625
suffix_2_to_1__spectral_only__seed_2025,suffix_2_to_1,2,1,spectral_only,2025,mask_only,491,123,24.849262000003364,8.24265369999921,79624,temperature_scaled,650,80,0.12307692307692308,0.125,0.015384615384615385,0.125,0.027397260273972605,4.951424893317049,1.4231147316313602,0.6886715696946119
suffix_2_to_1__spectral_only__seed_2025,suffix_2_to_1,2,1,spectral_only,2025,mean_broadcast,491,123,24.849262000003364,8.164091999999073,79624,raw,650,233,0.35846153846153844,0.3579861111111111,0.29597739625238345,0.3579861111111111,0.3076765389017798,1.6093204655745335,0.7480285355192504,0.06820266267271309
suffix_2_to_1__spectral_only__seed_2025,suffix_2_to_1,2,1,spectral_only,2025,mean_broadcast,491,123,24.849262000003364,8.164091999999073,79624,temperature_scaled,650,233,0.35846153846153844,0.3579861111111111,0.29597739625238345,0.3579861111111111,0.3076765389017798,1.5978641668090037,0.7435585610341484,0.04512094843353995
suffix_2_to_1__fusion_net__seed_2025,suffix_2_to_1,2,1,fusion_net,2025,full,491,123,122.61418799999956,10.245582600000489,209000,raw,650,292,0.4492307692307692,0.44687499999999997,0.47688770006271164,0.44687499999999997,0.45383172610408495,1.4123578836657893,0.667426445134954,0.06899035291200585
suffix_2_to_1__fusion_net__seed_2025,suffix_2_to_1,2,1,fusion_net,2025,full,491,123,122.61418799999956,10.245582600000489,209000,temperature_scaled,650,292,0.4492307692307692,0.44687499999999997,0.47688770006271164,0.44687499999999997,0.45383172610408495,1.4124029296837741,0.666903478848619,0.05985658784371955
suffix_2_to_1__fusion_net__seed_2025,suffix_2_to_1,2,1,fusion_net,2025,spatial_shuffle,491,123,122.61418799999956,10.501174199998786,209000,raw,650,161,0.24769230769230768,0.24427083333333333,0.3403873328215433,0.24427083333333333,0.19376853516390952,2.3180328304218913,0.8974314385794423,0.20362415643193724
suffix_2_to_1__fusion_net__seed_2025,suffix_2_to_1,2,1,fusion_net,2025,spatial_shuffle,491,123,122.61418799999956,10.501174199998786,209000,temperature_scaled,650,161,0.24769230769230768,0.24427083333333333,0.3403873328215433,0.24427083333333333,0.19376853516390952,2.3690055341480436,0.90638784419783,0.21953715352662723
suffix_2_to_1__fusion_net__seed_2025,suffix_2_to_1,2,1,fusion_net,2025,mask_only,491,123,122.61418799999956,10.709355500002857,209000,raw,650,102,0.15692307692307692,0.14878472222222222,0.12478764157228514,0.14878472222222222,0.0780978322135163,2.7236601564977425,0.9910855609971644,0.29287150360861003
suffix_2_to_1__fusion_net__seed_2025,suffix_2_to_1,2,1,fusion_net,2025,mask_only,491,123,122.61418799999956,10.709355500002857,209000,temperature_scaled,650,102,0.15692307692307692,0.14878472222222222,0.12478764157228514,0.14878472222222222,0.0780978322135163,2.796880489789008,1.0039142670861771,0.31062807593436637
suffix_2_to_1__fusion_net__seed_2025,suffix_2_to_1,2,1,fusion_net,2025,mean_broadcast,491,123,122.61418799999956,11.032894500000111,209000,raw,650,160,0.24615384615384617,0.24357638888888888,0.2735613717504827,0.24357638888888888,0.1879115505271031,2.393568414955786,0.9053698500746945,0.21309755421131032
suffix_2_to_1__fusion_net__seed_2025,suffix_2_to_1,2,1,fusion_net,2025,mean_broadcast,491,123,122.61418799999956,11.032894500000111,209000,temperature_scaled,650,160,0.24615384615384617,0.24357638888888888,0.2735613717504827,0.24357638888888888,0.1879115505271031,2.449961589343176,0.914624897315562,0.2303512892534608
