run_id,direction,model,seed,epoch,train_loss,validation_accuracy,validation_macro_f1,validation_nll,learning_rate,selected_so_far
suffix_1_to_2__spectral_only__seed_42,suffix_1_to_2,spectral_only,42,1,2.0861852132357086,0.12307692307692308,0.027397260273972605,2.079201899516048,0.001,1
suffix_1_to_2__spectral_only__seed_42,suffix_1_to_2,spectral_only,42,2,2.0822215226980356,0.13846153846153847,0.030405405405405407,2.078994583641443,0.001,1
suffix_1_to_2__spectral_only__seed_42,suffix_1_to_2,spectral_only,42,3,2.081399283042321,0.12307692307692308,0.027397260273972605,2.079717570782737,0.001,0
suffix_1_to_2__spectral_only__seed_42,suffix_1_to_2,spectral_only,42,4,2.080402895120474,0.12307692307692308,0.027397260273972605,2.079493952465884,0.001,0
suffix_1_to_2__spectral_only__seed_42,suffix_1_to_2,spectral_only,42,5,2.0812233374669002,0.13846153846153847,0.030405405405405407,2.078919186348132,0.001,1
suffix_1_to_2__spectral_only__seed_42,suffix_1_to_2,spectral_only,42,6,2.0806186309227575,0.13846153846153847,0.030405405405405407,2.079040828600433,0.001,0
suffix_1_to_2__spectral_only__seed_42,suffix_1_to_2,spectral_only,42,7,2.0803275621854342,0.12307692307692308,0.027397260273972605,2.0791016584079696,0.001,0
suffix_1_to_2__spectral_only__seed_42,suffix_1_to_2,spectral_only,42,8,2.08056845664978,0.12307692307692308,0.027397260273972605,2.0792959437327085,0.001,0
suffix_1_to_2__spectral_only__seed_42,suffix_1_to_2,spectral_only,42,9,2.0804007603571963,0.12307692307692308,0.027397260273972605,2.079458901851055,0.0005,0
suffix_1_to_2__spectral_only__seed_42,suffix_1_to_2,spectral_only,42,10,2.081541259472187,0.12307692307692308,0.027397260273972605,2.079391590469351,0.0005,0
suffix_1_to_2__spectral_only__seed_42,suffix_1_to_2,spectral_only,42,11,2.080401086807251,0.12307692307692308,0.027397260273972605,2.079500347105372,0.0005,0
suffix_1_to_2__spectral_only__seed_42,suffix_1_to_2,spectral_only,42,12,2.0790425924154428,0.12307692307692308,0.027397260273972605,2.079788434380632,0.0005,0
suffix_1_to_2__spectral_only__seed_42,suffix_1_to_2,spectral_only,42,13,2.0812693375807543,0.12307692307692308,0.027397260273972605,2.079322135535936,0.00025,0
suffix_1_to_2__fusion_net__seed_42,suffix_1_to_2,fusion_net,42,1,2.0880851488847,0.13846153846153847,0.04041025641025641,2.077799405971154,0.001,1
suffix_1_to_2__fusion_net__seed_42,suffix_1_to_2,fusion_net,42,2,2.0777966939485992,0.23076923076923078,0.13132963393669733,2.055692870653869,0.001,1
suffix_1_to_2__fusion_net__seed_42,suffix_1_to_2,fusion_net,42,3,2.0223074289468617,0.19230769230769232,0.12992052881758764,2.0295633412732625,0.001,0
suffix_1_to_2__fusion_net__seed_42,suffix_1_to_2,fusion_net,42,4,1.9784660265995906,0.2230769230769231,0.14967439901509752,1.9582144400031645,0.001,1
suffix_1_to_2__fusion_net__seed_42,suffix_1_to_2,fusion_net,42,5,1.9207897974894597,0.23076923076923078,0.14549728607918264,1.9205878723385006,0.001,0
suffix_1_to_2__fusion_net__seed_42,suffix_1_to_2,fusion_net,42,6,1.904666200050941,0.23076923076923078,0.1540338581669227,1.9358725499171052,0.001,1
suffix_1_to_2__fusion_net__seed_42,suffix_1_to_2,fusion_net,42,7,1.8831244927186233,0.2076923076923077,0.1305113837777822,1.9128173968535194,0.001,0
suffix_1_to_2__fusion_net__seed_42,suffix_1_to_2,fusion_net,42,8,1.8672318421877347,0.25384615384615383,0.2019147005444646,1.9047718249307248,0.001,1
suffix_1_to_2__fusion_net__seed_42,suffix_1_to_2,fusion_net,42,9,1.8422626366982093,0.25384615384615383,0.19933867251674764,1.8930294784310513,0.001,0
suffix_1_to_2__fusion_net__seed_42,suffix_1_to_2,fusion_net,42,10,1.85930775312277,0.24615384615384617,0.1740944240944241,1.8770867012022614,0.001,0
suffix_1_to_2__fusion_net__seed_42,suffix_1_to_2,fusion_net,42,11,1.8196770154512845,0.2692307692307692,0.21661914297737728,1.8947851402937996,0.001,1
suffix_1_to_2__fusion_net__seed_42,suffix_1_to_2,fusion_net,42,12,1.8062876004439135,0.25384615384615383,0.1949128317334839,1.902872731206761,0.001,0
suffix_1_to_2__fusion_net__seed_42,suffix_1_to_2,fusion_net,42,13,1.8116788478998038,0.23076923076923078,0.1673871697216349,1.9021524856098377,0.001,0
suffix_1_to_2__fusion_net__seed_42,suffix_1_to_2,fusion_net,42,14,1.796744179725647,0.2692307692307692,0.20484496124031007,1.910659677855662,0.0005,0
suffix_1_to_2__fusion_net__seed_42,suffix_1_to_2,fusion_net,42,15,1.7706321147771982,0.24615384615384617,0.17777426876994828,1.8735233517300918,0.0005,0
suffix_1_to_2__fusion_net__seed_42,suffix_1_to_2,fusion_net,42,16,1.762258762579698,0.2692307692307692,0.21671134721831317,1.9081304967385064,0.0005,1
suffix_1_to_2__fusion_net__seed_42,suffix_1_to_2,fusion_net,42,17,1.7611841862018291,0.27692307692307694,0.22658836261777437,1.9154396302436703,0.0005,1
suffix_1_to_2__fusion_net__seed_42,suffix_1_to_2,fusion_net,42,18,1.761229368356558,0.23846153846153847,0.1975631395682883,1.9059069981779726,0.0005,0
suffix_1_to_2__fusion_net__seed_42,suffix_1_to_2,fusion_net,42,19,1.751113774226262,0.24615384615384617,0.20752620407608166,1.914273053064822,0.00025,0
suffix_1_to_2__fusion_net__seed_42,suffix_1_to_2,fusion_net,42,20,1.744518938431373,0.2923076923076923,0.24759972170686456,1.9337863855898865,0.00025,1
suffix_1_to_2__fusion_net__seed_42,suffix_1_to_2,fusion_net,42,21,1.7425907868605393,0.27692307692307694,0.22489618582295928,1.9249773804439376,0.00025,0
suffix_1_to_2__fusion_net__seed_42,suffix_1_to_2,fusion_net,42,22,1.7266013072087214,0.24615384615384617,0.19673378522062732,1.9154906402720788,0.00025,0
suffix_1_to_2__fusion_net__seed_42,suffix_1_to_2,fusion_net,42,23,1.7216741195091834,0.23846153846153847,0.18590003660116,1.9315997566896757,0.000125,0
suffix_1_to_2__fusion_net__seed_42,suffix_1_to_2,fusion_net,42,24,1.7284167454792903,0.23076923076923078,0.18129217124699915,1.932719015472447,0.000125,0
suffix_1_to_2__fusion_net__seed_42,suffix_1_to_2,fusion_net,42,25,1.7124300699967605,0.25384615384615383,0.20619307832422587,1.9292067273597484,0.000125,0
suffix_1_to_2__fusion_net__seed_42,suffix_1_to_2,fusion_net,42,26,1.706463701908405,0.24615384615384617,0.1968139864060806,1.9300923042794353,0.000125,0
suffix_1_to_2__fusion_net__seed_42,suffix_1_to_2,fusion_net,42,27,1.7030211797127357,0.26153846153846155,0.20699676949676948,1.9318584096111935,6.25e-05,0
suffix_1_to_2__fusion_net__seed_42,suffix_1_to_2,fusion_net,42,28,1.6948808853442852,0.2692307692307692,0.22014341675481888,1.9212140246372684,6.25e-05,0
suffix_1_to_2__spectral_only__seed_2024,suffix_1_to_2,spectral_only,2024,1,2.0860814791459306,0.12307692307692308,0.027397260273972605,2.0794229193940716,0.001,1
suffix_1_to_2__spectral_only__seed_2024,suffix_1_to_2,spectral_only,2024,2,2.0832959688626804,0.12307692307692308,0.027397260273972605,2.0797643904796868,0.001,0
suffix_1_to_2__spectral_only__seed_2024,suffix_1_to_2,spectral_only,2024,3,2.0813075872567985,0.16923076923076924,0.06431403647898493,2.0794429642507506,0.001,1
suffix_1_to_2__spectral_only__seed_2024,suffix_1_to_2,spectral_only,2024,4,2.0818737947023833,0.16153846153846155,0.07196969696969696,2.07929547153027,0.001,1
suffix_1_to_2__spectral_only__seed_2024,suffix_1_to_2,spectral_only,2024,5,2.0813342131101167,0.12307692307692308,0.027397260273972605,2.0793441079296935,0.0005,0
suffix_1_to_2__spectral_only__seed_2024,suffix_1_to_2,spectral_only,2024,6,2.0796513374035177,0.12307692307692308,0.027397260273972605,2.079722967470451,0.0005,0
suffix_1_to_2__spectral_only__seed_2024,suffix_1_to_2,spectral_only,2024,7,2.080476661828848,0.12307692307692308,0.027397260273972605,2.0796380822031804,0.0005,0
suffix_1_to_2__spectral_only__seed_2024,suffix_1_to_2,spectral_only,2024,8,2.0801965236663817,0.12307692307692308,0.027397260273972605,2.0797246270237966,0.0005,0
suffix_1_to_2__spectral_only__seed_2024,suffix_1_to_2,spectral_only,2024,9,2.078927128131573,0.12307692307692308,0.027397260273972605,2.0796319127201905,0.00025,0
suffix_1_to_2__spectral_only__seed_2024,suffix_1_to_2,spectral_only,2024,10,2.0790433003352238,0.12307692307692308,0.027397260273972605,2.0795835880026288,0.00025,0
suffix_1_to_2__spectral_only__seed_2024,suffix_1_to_2,spectral_only,2024,11,2.0805114269256593,0.12307692307692308,0.027397260273972605,2.0793121290903533,0.00025,0
suffix_1_to_2__spectral_only__seed_2024,suffix_1_to_2,spectral_only,2024,12,2.0802935673640324,0.17692307692307693,0.10190217391304349,2.079191169324662,0.00025,1
suffix_1_to_2__spectral_only__seed_2024,suffix_1_to_2,spectral_only,2024,13,2.0790097126593956,0.16923076923076924,0.07349192863211554,2.0791493344934393,0.00025,0
suffix_1_to_2__spectral_only__seed_2024,suffix_1_to_2,spectral_only,2024,14,2.0803514847388636,0.12307692307692308,0.027397260273972605,2.078852327509612,0.00025,0
suffix_1_to_2__spectral_only__seed_2024,suffix_1_to_2,spectral_only,2024,15,2.080541988519522,0.12307692307692308,0.027972027972027972,2.079006054433469,0.00025,0
suffix_1_to_2__spectral_only__seed_2024,suffix_1_to_2,spectral_only,2024,16,2.0806979472820575,0.12307692307692308,0.027397260273972605,2.079127623971075,0.00025,0
suffix_1_to_2__spectral_only__seed_2024,suffix_1_to_2,spectral_only,2024,17,2.080569942180927,0.12307692307692308,0.027397260273972605,2.07885962003445,0.00025,0
suffix_1_to_2__spectral_only__seed_2024,suffix_1_to_2,spectral_only,2024,18,2.0784720384157622,0.12307692307692308,0.027397260273972605,2.0789077521303363,0.000125,0
suffix_1_to_2__spectral_only__seed_2024,suffix_1_to_2,spectral_only,2024,19,2.0800405832437368,0.12307692307692308,0.027397260273972605,2.0787528237497233,0.000125,0
suffix_1_to_2__spectral_only__seed_2024,suffix_1_to_2,spectral_only,2024,20,2.079600429534912,0.12307692307692308,0.027397260273972605,2.078749030679603,0.000125,0
suffix_1_to_2__fusion_net__seed_2024,suffix_1_to_2,fusion_net,2024,1,2.087230950135451,0.12307692307692308,0.027397260273972605,2.0800000066084654,0.001,1
suffix_1_to_2__fusion_net__seed_2024,suffix_1_to_2,fusion_net,2024,2,2.0817662789271427,0.16923076923076924,0.06890012642225032,2.073700953607982,0.001,1
suffix_1_to_2__fusion_net__seed_2024,suffix_1_to_2,fusion_net,2024,3,2.0505408745545606,0.23846153846153847,0.11790674603174603,1.9806565357274337,0.001,1
suffix_1_to_2__fusion_net__seed_2024,suffix_1_to_2,fusion_net,2024,4,1.9854062410501334,0.23846153846153847,0.11601009126573471,1.9082271652705913,0.001,0
suffix_1_to_2__fusion_net__seed_2024,suffix_1_to_2,fusion_net,2024,5,1.9267533724124615,0.23846153846153847,0.15740604854381945,1.9041718075801743,0.001,1
suffix_1_to_2__fusion_net__seed_2024,suffix_1_to_2,fusion_net,2024,6,1.9129485533787653,0.24615384615384617,0.1679961504244291,1.8922654791354374,0.001,1
suffix_1_to_2__fusion_net__seed_2024,suffix_1_to_2,fusion_net,2024,7,1.882894389445965,0.23076923076923078,0.1648216595596083,1.8535686978345085,0.001,0
suffix_1_to_2__fusion_net__seed_2024,suffix_1_to_2,fusion_net,2024,8,1.8576294018672064,0.23076923076923078,0.16728656326934663,1.8937272039657278,0.001,0
suffix_1_to_2__fusion_net__seed_2024,suffix_1_to_2,fusion_net,2024,9,1.8206755876541139,0.2153846153846154,0.16382107168745097,1.8654354869240064,0.001,0
suffix_1_to_2__fusion_net__seed_2024,suffix_1_to_2,fusion_net,2024,10,1.8356777374561017,0.2692307692307692,0.21240595271925194,1.8520666697082855,0.001,1
suffix_1_to_2__fusion_net__seed_2024,suffix_1_to_2,fusion_net,2024,11,1.841986162845905,0.2692307692307692,0.19985471736951405,1.8718642292829484,0.001,0
suffix_1_to_2__fusion_net__seed_2024,suffix_1_to_2,fusion_net,2024,12,1.806418202473567,0.18461538461538463,0.1493895662910943,1.8916189141019328,0.001,0
suffix_1_to_2__fusion_net__seed_2024,suffix_1_to_2,fusion_net,2024,13,1.7760154302303608,0.25384615384615383,0.19725412224926253,1.8778063452927043,0.001,0
suffix_1_to_2__fusion_net__seed_2024,suffix_1_to_2,fusion_net,2024,14,1.7768064260482788,0.26153846153846155,0.20690254460166765,1.8693743426840728,0.0005,0
suffix_1_to_2__fusion_net__seed_2024,suffix_1_to_2,fusion_net,2024,15,1.7830714097389808,0.18461538461538463,0.1440965459947186,1.904606602452659,0.0005,0
suffix_1_to_2__fusion_net__seed_2024,suffix_1_to_2,fusion_net,2024,16,1.767039185303908,0.24615384615384617,0.20451738212458992,1.8925708982900025,0.0005,0
suffix_1_to_2__fusion_net__seed_2024,suffix_1_to_2,fusion_net,2024,17,1.7725401401519776,0.23076923076923078,0.179045200489166,1.888641416192146,0.0005,0
suffix_1_to_2__fusion_net__seed_2024,suffix_1_to_2,fusion_net,2024,18,1.7400082496496347,0.23076923076923078,0.18499641042806034,1.89181259190086,0.00025,0
suffix_1_to_2__spectral_only__seed_2025,suffix_1_to_2,spectral_only,2025,1,2.0854393078730658,0.13846153846153847,0.030405405405405407,2.078897248908427,0.001,1
suffix_1_to_2__spectral_only__seed_2025,suffix_1_to_2,spectral_only,2025,2,2.083103033212515,0.2230769230769231,0.0883162278744608,2.0783680680597305,0.001,1
suffix_1_to_2__spectral_only__seed_2025,suffix_1_to_2,spectral_only,2025,3,2.081798403079693,0.12307692307692308,0.027397260273972605,2.0786451016843674,0.001,0
suffix_1_to_2__spectral_only__seed_2025,suffix_1_to_2,spectral_only,2025,4,2.0807691500737118,0.13076923076923078,0.039197080291970804,2.077974224257098,0.001,0
suffix_1_to_2__spectral_only__seed_2025,suffix_1_to_2,spectral_only,2025,5,2.0826301721426157,0.16153846153846155,0.06875,2.0768790646638515,0.001,0
suffix_1_to_2__spectral_only__seed_2025,suffix_1_to_2,spectral_only,2025,6,2.0789500639988825,0.12307692307692308,0.027397260273972605,2.076524831686189,0.001,0
suffix_1_to_2__spectral_only__seed_2025,suffix_1_to_2,spectral_only,2025,7,2.0819264521965613,0.19230769230769232,0.07916666666666666,2.0776012358003846,0.001,0
suffix_1_to_2__spectral_only__seed_2025,suffix_1_to_2,spectral_only,2025,8,2.0797743393824653,0.12307692307692308,0.027397260273972605,2.076935025357895,0.001,0
suffix_1_to_2__spectral_only__seed_2025,suffix_1_to_2,spectral_only,2025,9,2.075710362654466,0.12307692307692308,0.027397260273972605,2.0729203700449403,0.001,0
suffix_1_to_2__spectral_only__seed_2025,suffix_1_to_2,spectral_only,2025,10,2.0750168030078595,0.12307692307692308,0.027397260273972605,2.073287363135632,0.001,0
suffix_1_to_2__spectral_only__seed_2025,suffix_1_to_2,spectral_only,2025,11,2.0659955501556397,0.16153846153846155,0.06801470588235295,2.050920882609219,0.001,0
suffix_1_to_2__spectral_only__seed_2025,suffix_1_to_2,spectral_only,2025,12,1.9828504232259898,0.25384615384615383,0.1141340555571648,1.849228497214035,0.001,1
suffix_1_to_2__spectral_only__seed_2025,suffix_1_to_2,spectral_only,2025,13,1.9010152981831476,0.2692307692307692,0.15533142519649268,1.7385934719429952,0.001,1
suffix_1_to_2__spectral_only__seed_2025,suffix_1_to_2,spectral_only,2025,14,1.828710409311148,0.27692307692307694,0.17901152482269506,1.7417679017853454,0.001,1
suffix_1_to_2__spectral_only__seed_2025,suffix_1_to_2,spectral_only,2025,15,1.7799004224630504,0.23846153846153847,0.17997270928305412,1.7253881730047584,0.001,1
suffix_1_to_2__spectral_only__seed_2025,suffix_1_to_2,spectral_only,2025,16,1.775632902292105,0.3230769230769231,0.23409430438842205,1.666540710138169,0.001,1
suffix_1_to_2__spectral_only__seed_2025,suffix_1_to_2,spectral_only,2025,17,1.7885240224691539,0.3153846153846154,0.231126322544233,1.6895260780100871,0.001,0
suffix_1_to_2__spectral_only__seed_2025,suffix_1_to_2,spectral_only,2025,18,1.716503093792842,0.3153846153846154,0.2123248796181127,1.664595393161167,0.001,0
suffix_1_to_2__spectral_only__seed_2025,suffix_1_to_2,spectral_only,2025,19,1.7138295393723708,0.3076923076923077,0.22675492610837436,1.6344673905410148,0.001,0
suffix_1_to_2__spectral_only__seed_2025,suffix_1_to_2,spectral_only,2025,20,1.7104588233507596,0.3230769230769231,0.24792836835170928,1.6337821572651163,0.001,1
suffix_1_to_2__spectral_only__seed_2025,suffix_1_to_2,spectral_only,2025,21,1.7083392308308527,0.33076923076923076,0.2502266330144203,1.6075828328205632,0.001,1
suffix_1_to_2__spectral_only__seed_2025,suffix_1_to_2,spectral_only,2025,22,1.699462859447186,0.34615384615384615,0.2601318769797031,1.6118778246445928,0.001,1
suffix_1_to_2__spectral_only__seed_2025,suffix_1_to_2,spectral_only,2025,23,1.7152531532140878,0.34615384615384615,0.2619663960660665,1.6103864785060333,0.001,1
suffix_1_to_2__spectral_only__seed_2025,suffix_1_to_2,spectral_only,2025,24,1.6940251222023597,0.33076923076923076,0.25425116698701605,1.61843238137115,0.001,0
suffix_1_to_2__spectral_only__seed_2025,suffix_1_to_2,spectral_only,2025,25,1.7322936443182138,0.3076923076923077,0.22859486505577548,1.6269495778812915,0.0005,0
suffix_1_to_2__spectral_only__seed_2025,suffix_1_to_2,spectral_only,2025,26,1.6855694477374736,0.33076923076923076,0.2522774327122153,1.6114064047266168,0.0005,0
suffix_1_to_2__spectral_only__seed_2025,suffix_1_to_2,spectral_only,2025,27,1.6743793084071232,0.36923076923076925,0.28083029188270614,1.5953234609946052,0.0005,1
suffix_1_to_2__spectral_only__seed_2025,suffix_1_to_2,spectral_only,2025,28,1.6655690853412335,0.33076923076923076,0.24511849776653705,1.6276028169851864,0.0005,0
suffix_1_to_2__spectral_only__seed_2025,suffix_1_to_2,spectral_only,2025,29,1.6702506597225482,0.36923076923076925,0.28737870021082657,1.5655582052412271,0.0005,1
suffix_1_to_2__spectral_only__seed_2025,suffix_1_to_2,spectral_only,2025,30,1.6395398139953614,0.35384615384615387,0.284762390212264,1.5521010065233072,0.0005,0
suffix_1_to_2__spectral_only__seed_2025,suffix_1_to_2,spectral_only,2025,31,1.6391455503610464,0.3384615384615385,0.27032506924748306,1.5506948994908918,0.0005,0
suffix_1_to_2__spectral_only__seed_2025,suffix_1_to_2,spectral_only,2025,32,1.6298413111613348,0.3384615384615385,0.2647041575526652,1.5508972122134077,0.0005,0
suffix_1_to_2__spectral_only__seed_2025,suffix_1_to_2,spectral_only,2025,33,1.6128856127078717,0.3769230769230769,0.29668495324551225,1.528263428861221,0.0005,1
suffix_1_to_2__spectral_only__seed_2025,suffix_1_to_2,spectral_only,2025,34,1.60962545138139,0.35384615384615387,0.2773525096426146,1.5161461984860602,0.0005,0
suffix_1_to_2__spectral_only__seed_2025,suffix_1_to_2,spectral_only,2025,35,1.6026199964376597,0.4153846153846154,0.3164160839160839,1.4878543477219366,0.0005,1
suffix_1_to_2__spectral_only__seed_2025,suffix_1_to_2,spectral_only,2025,36,1.6116654836214506,0.3769230769230769,0.32385656856267475,1.5296841143515039,0.0005,1
suffix_1_to_2__spectral_only__seed_2025,suffix_1_to_2,spectral_only,2025,37,1.593893918624291,0.36153846153846153,0.2870152720353153,1.5294306538916422,0.0005,0
suffix_1_to_2__spectral_only__seed_2025,suffix_1_to_2,spectral_only,2025,38,1.5927514791488648,0.2846153846153846,0.1977399844659837,1.6107250924967305,0.0005,0
suffix_1_to_2__spectral_only__seed_2025,suffix_1_to_2,spectral_only,2025,39,1.6194931488770705,0.35384615384615387,0.29385956732198426,1.4847869797654722,0.0005,0
suffix_1_to_2__spectral_only__seed_2025,suffix_1_to_2,spectral_only,2025,40,1.5469779051267183,0.3769230769230769,0.3187143533109701,1.522990510135736,0.0005,0
suffix_1_to_2__spectral_only__seed_2025,suffix_1_to_2,spectral_only,2025,41,1.555955173419072,0.3923076923076923,0.3216513465570069,1.4236371031228692,0.0005,0
suffix_1_to_2__spectral_only__seed_2025,suffix_1_to_2,spectral_only,2025,42,1.6004508568690374,0.4307692307692308,0.3558538381907947,1.465087410631161,0.0005,1
suffix_1_to_2__spectral_only__seed_2025,suffix_1_to_2,spectral_only,2025,43,1.5174956560134887,0.4076923076923077,0.3614566290748271,1.4461270080812085,0.0005,1
suffix_1_to_2__spectral_only__seed_2025,suffix_1_to_2,spectral_only,2025,44,1.5083357040698713,0.38461538461538464,0.35350305379375146,1.5517615081461784,0.0005,0
suffix_1_to_2__spectral_only__seed_2025,suffix_1_to_2,spectral_only,2025,45,1.5831272455362173,0.4076923076923077,0.35605288878916924,1.471537750133493,0.00025,0
suffix_1_to_2__spectral_only__seed_2025,suffix_1_to_2,spectral_only,2025,46,1.552130391047551,0.43846153846153846,0.37593739904459544,1.3907053691108273,0.00025,1
suffix_1_to_2__spectral_only__seed_2025,suffix_1_to_2,spectral_only,2025,47,1.5055881445224468,0.35384615384615387,0.3050346785902789,1.5152232049145415,0.00025,0
suffix_1_to_2__spectral_only__seed_2025,suffix_1_to_2,spectral_only,2025,48,1.6091087084550124,0.34615384615384615,0.302659763957495,1.5199272576879759,0.00025,0
suffix_1_to_2__spectral_only__seed_2025,suffix_1_to_2,spectral_only,2025,49,1.4931995960382314,0.49230769230769234,0.44865992845826946,1.3800285997437194,0.00025,1
suffix_1_to_2__spectral_only__seed_2025,suffix_1_to_2,spectral_only,2025,50,1.4637253852990957,0.5153846153846153,0.45040878145903374,1.3328010951777791,0.00025,1
suffix_1_to_2__spectral_only__seed_2025,suffix_1_to_2,spectral_only,2025,51,1.4713369406186618,0.47692307692307695,0.40313574729229096,1.3448044828172205,0.00025,0
suffix_1_to_2__spectral_only__seed_2025,suffix_1_to_2,spectral_only,2025,52,1.5530179225481473,0.36923076923076925,0.3209594293146431,1.4252484353055452,0.00025,0
suffix_1_to_2__spectral_only__seed_2025,suffix_1_to_2,spectral_only,2025,53,1.5191798356863169,0.49230769230769234,0.4448422081746365,1.3571527269862127,0.00025,0
suffix_1_to_2__spectral_only__seed_2025,suffix_1_to_2,spectral_only,2025,54,1.449688065969027,0.5153846153846153,0.4754319562509218,1.3292635119887366,0.00025,1
suffix_1_to_2__spectral_only__seed_2025,suffix_1_to_2,spectral_only,2025,55,1.5147817905132588,0.36923076923076925,0.3320478267889555,1.399073417721903,0.00025,0
suffix_1_to_2__spectral_only__seed_2025,suffix_1_to_2,spectral_only,2025,56,1.454652529496413,0.5769230769230769,0.5380551901795018,1.315926663740046,0.00025,1
suffix_1_to_2__spectral_only__seed_2025,suffix_1_to_2,spectral_only,2025,57,1.4414947326366718,0.46153846153846156,0.40273654482831,1.3224892831344623,0.00025,0
suffix_1_to_2__spectral_only__seed_2025,suffix_1_to_2,spectral_only,2025,58,1.4838581433663,0.5076923076923077,0.46758833132153405,1.3116158629869503,0.00025,0
suffix_1_to_2__spectral_only__seed_2025,suffix_1_to_2,spectral_only,2025,59,1.473492770928603,0.5230769230769231,0.5099976211389255,1.3082907614611934,0.00025,0
suffix_1_to_2__spectral_only__seed_2025,suffix_1_to_2,spectral_only,2025,60,1.4140163109852717,0.5230769230769231,0.49486876533535623,1.273819378887516,0.00025,0
suffix_1_to_2__fusion_net__seed_2025,suffix_1_to_2,fusion_net,2025,1,2.087281953371488,0.14615384615384616,0.04677419354838709,2.077437533932503,0.001,1
suffix_1_to_2__fusion_net__seed_2025,suffix_1_to_2,fusion_net,2025,2,2.0783265884105977,0.19230769230769232,0.10398809523809524,2.069332701760268,0.001,1
suffix_1_to_2__fusion_net__seed_2025,suffix_1_to_2,fusion_net,2025,3,2.0638029391948995,0.16923076923076924,0.0874269340119689,2.01200041798452,0.001,0
suffix_1_to_2__fusion_net__seed_2025,suffix_1_to_2,fusion_net,2025,4,1.9991395986997165,0.19230769230769232,0.10555684460805272,1.9853077997023258,0.001,1
suffix_1_to_2__fusion_net__seed_2025,suffix_1_to_2,fusion_net,2025,5,1.9668785095214845,0.19230769230769232,0.10801820728291316,1.9780219564617212,0.001,1
suffix_1_to_2__fusion_net__seed_2025,suffix_1_to_2,fusion_net,2025,6,1.9622176683866062,0.27692307692307694,0.17033876975737441,1.9003750228132767,0.001,1
suffix_1_to_2__fusion_net__seed_2025,suffix_1_to_2,fusion_net,2025,7,1.9283816851102389,0.2692307692307692,0.17391774891774892,1.8606513049594564,0.001,1
suffix_1_to_2__fusion_net__seed_2025,suffix_1_to_2,fusion_net,2025,8,1.9059812270678007,0.24615384615384617,0.15941018857685524,1.8511747238716216,0.001,0
suffix_1_to_2__fusion_net__seed_2025,suffix_1_to_2,fusion_net,2025,9,1.9051017577831562,0.2923076923076923,0.2261820109200882,1.8514353468325482,0.001,1
suffix_1_to_2__fusion_net__seed_2025,suffix_1_to_2,fusion_net,2025,10,1.8651072978973389,0.3076923076923077,0.24188389950437333,1.8084203785711364,0.001,1
suffix_1_to_2__fusion_net__seed_2025,suffix_1_to_2,fusion_net,2025,11,1.8591548369481012,0.2923076923076923,0.2171612511052166,1.7946373711397332,0.001,0
suffix_1_to_2__fusion_net__seed_2025,suffix_1_to_2,fusion_net,2025,12,1.8723929185133714,0.2923076923076923,0.22455967235378999,1.8126798740961205,0.001,0
suffix_1_to_2__fusion_net__seed_2025,suffix_1_to_2,fusion_net,2025,13,1.8605739006629356,0.27692307692307694,0.20679528275168008,1.8190909967851479,0.001,0
suffix_1_to_2__fusion_net__seed_2025,suffix_1_to_2,fusion_net,2025,14,1.8302656742242667,0.3384615384615385,0.2735419610604013,1.7139813452076074,0.001,1
suffix_1_to_2__fusion_net__seed_2025,suffix_1_to_2,fusion_net,2025,15,1.7096663071559026,0.4153846153846154,0.34300483351235234,1.5024376185467734,0.001,1
suffix_1_to_2__fusion_net__seed_2025,suffix_1_to_2,fusion_net,2025,16,1.5526744604110718,0.4076923076923077,0.36663108510998976,1.419274755059736,0.001,1
suffix_1_to_2__fusion_net__seed_2025,suffix_1_to_2,fusion_net,2025,17,1.5814250047390277,0.4076923076923077,0.344521904761602,1.458498827052712,0.001,0
suffix_1_to_2__fusion_net__seed_2025,suffix_1_to_2,fusion_net,2025,18,1.5223922069256122,0.4230769230769231,0.41549254470766095,1.4054786570882989,0.001,1
suffix_1_to_2__fusion_net__seed_2025,suffix_1_to_2,fusion_net,2025,19,1.5153775526927067,0.4,0.3621772840980158,1.3838258856465082,0.001,0
suffix_1_to_2__fusion_net__seed_2025,suffix_1_to_2,fusion_net,2025,20,1.4917079870517438,0.43846153846153846,0.39720936590763073,1.333838696550436,0.001,0
suffix_1_to_2__fusion_net__seed_2025,suffix_1_to_2,fusion_net,2025,21,1.4796332872830904,0.4846153846153846,0.48650313620071683,1.359535130866166,0.001,1
suffix_1_to_2__fusion_net__seed_2025,suffix_1_to_2,fusion_net,2025,22,1.4288403712786162,0.46153846153846156,0.41873585344155706,1.2910760165955182,0.001,0
suffix_1_to_2__fusion_net__seed_2025,suffix_1_to_2,fusion_net,2025,23,1.4785260915756226,0.4846153846153846,0.47456567650269604,1.3248944385409718,0.001,0
suffix_1_to_2__fusion_net__seed_2025,suffix_1_to_2,fusion_net,2025,24,1.421849927535424,0.46923076923076923,0.4357961697599856,1.3372765757029497,0.001,0
suffix_1_to_2__fusion_net__seed_2025,suffix_1_to_2,fusion_net,2025,25,1.4506476860779982,0.43846153846153846,0.4206562704724469,1.3451610394572036,0.001,0
suffix_1_to_2__fusion_net__seed_2025,suffix_1_to_2,fusion_net,2025,26,1.4668296245428232,0.46153846153846156,0.44105395538278686,1.3332457366604722,0.0005,0
suffix_1_to_2__fusion_net__seed_2025,suffix_1_to_2,fusion_net,2025,27,1.3960946486546444,0.46923076923076923,0.4620692118352918,1.3101710428272244,0.0005,0
suffix_1_to_2__fusion_net__seed_2025,suffix_1_to_2,fusion_net,2025,28,1.3735029734097994,0.5,0.4790683779654368,1.2961310006563713,0.0005,0
suffix_1_to_2__fusion_net__seed_2025,suffix_1_to_2,fusion_net,2025,29,1.384720044869643,0.46923076923076923,0.4529740874036393,1.2784743073033003,0.0005,0
suffix_2_to_1__spectral_only__seed_42,suffix_2_to_1,spectral_only,42,1,2.085630334321933,0.13008130081300814,0.02877697841726619,2.0791360335023907,0.001,1
suffix_2_to_1__spectral_only__seed_42,suffix_2_to_1,spectral_only,42,2,2.083619043929028,0.13008130081300814,0.02877697841726619,2.0787655106123175,0.001,1
suffix_2_to_1__spectral_only__seed_42,suffix_2_to_1,spectral_only,42,3,2.083626124620923,0.13008130081300814,0.02877697841726619,2.0778350038296627,0.001,1
suffix_2_to_1__spectral_only__seed_42,suffix_2_to_1,spectral_only,42,4,2.083144358850545,0.13008130081300814,0.02877697841726619,2.078539178495037,0.001,0
suffix_2_to_1__spectral_only__seed_42,suffix_2_to_1,spectral_only,42,5,2.0834863666604346,0.13008130081300814,0.02877697841726619,2.0796750164136877,0.001,0
suffix_2_to_1__spectral_only__seed_42,suffix_2_to_1,spectral_only,42,6,2.083124141829077,0.13008130081300814,0.02877697841726619,2.0802727327540973,0.001,0
suffix_2_to_1__spectral_only__seed_42,suffix_2_to_1,spectral_only,42,7,2.0818661152709526,0.08943089430894309,0.020522388059701493,2.0807426418414954,0.0005,0
suffix_2_to_1__spectral_only__seed_42,suffix_2_to_1,spectral_only,42,8,2.0818831391344244,0.13008130081300814,0.02877697841726619,2.079652119399046,0.0005,0
suffix_2_to_1__spectral_only__seed_42,suffix_2_to_1,spectral_only,42,9,2.0818036194974194,0.13008130081300814,0.02877697841726619,2.0798192825179065,0.0005,0
suffix_2_to_1__spectral_only__seed_42,suffix_2_to_1,spectral_only,42,10,2.0814960988621607,0.13008130081300814,0.02877697841726619,2.0797054480447774,0.0005,0
suffix_2_to_1__spectral_only__seed_42,suffix_2_to_1,spectral_only,42,11,2.0811530456037968,0.08943089430894309,0.020522388059701493,2.0802565626016785,0.00025,0
suffix_2_to_1__spectral_only__seed_42,suffix_2_to_1,spectral_only,42,12,2.081784406164756,0.13008130081300814,0.028985507246376815,2.079917797791106,0.00025,1
suffix_2_to_1__spectral_only__seed_42,suffix_2_to_1,spectral_only,42,13,2.081941672595115,0.13008130081300814,0.03125,2.079526319153415,0.00025,1
suffix_2_to_1__spectral_only__seed_42,suffix_2_to_1,spectral_only,42,14,2.0813466293505885,0.13008130081300814,0.02877697841726619,2.0795594255400816,0.00025,0
suffix_2_to_1__spectral_only__seed_42,suffix_2_to_1,spectral_only,42,15,2.0820334889981025,0.13008130081300814,0.02877697841726619,2.079589354603118,0.000125,0
suffix_2_to_1__spectral_only__seed_42,suffix_2_to_1,spectral_only,42,16,2.081577991031095,0.13008130081300814,0.02877697841726619,2.0797378365835955,0.000125,0
suffix_2_to_1__spectral_only__seed_42,suffix_2_to_1,spectral_only,42,17,2.0822674057876993,0.13008130081300814,0.02877697841726619,2.079461236660274,0.000125,0
suffix_2_to_1__spectral_only__seed_42,suffix_2_to_1,spectral_only,42,18,2.080912640526921,0.13008130081300814,0.02877697841726619,2.079336335421176,0.000125,0
suffix_2_to_1__spectral_only__seed_42,suffix_2_to_1,spectral_only,42,19,2.081288496005802,0.13008130081300814,0.02877697841726619,2.079081213180371,6.25e-05,0
suffix_2_to_1__spectral_only__seed_42,suffix_2_to_1,spectral_only,42,20,2.0808414616555644,0.13008130081300814,0.02877697841726619,2.078890058992912,6.25e-05,0
suffix_2_to_1__spectral_only__seed_42,suffix_2_to_1,spectral_only,42,21,2.081043750836747,0.13008130081300814,0.02877697841726619,2.078769788621538,6.25e-05,0
suffix_2_to_1__fusion_net__seed_42,suffix_2_to_1,fusion_net,42,1,2.074511123529034,0.21951219512195122,0.1252371273712737,2.0246847001404986,0.001,1
suffix_2_to_1__fusion_net__seed_42,suffix_2_to_1,fusion_net,42,2,1.9849640461189442,0.2601626016260163,0.16897311329265827,1.9209382058258446,0.001,1
suffix_2_to_1__fusion_net__seed_42,suffix_2_to_1,fusion_net,42,3,1.9429255466597144,0.18699186991869918,0.10488916088671289,2.0009166097748134,0.001,0
suffix_2_to_1__fusion_net__seed_42,suffix_2_to_1,fusion_net,42,4,1.909747922007761,0.1951219512195122,0.1399798163826671,1.9737238393022702,0.001,0
suffix_2_to_1__fusion_net__seed_42,suffix_2_to_1,fusion_net,42,5,1.8977842564009844,0.2682926829268293,0.1893919562822002,1.8692176854713685,0.001,1
suffix_2_to_1__fusion_net__seed_42,suffix_2_to_1,fusion_net,42,6,1.8348640839582548,0.3170731707317073,0.24788048532721133,1.8511028582231046,0.001,1
suffix_2_to_1__fusion_net__seed_42,suffix_2_to_1,fusion_net,42,7,1.8247270142230871,0.23577235772357724,0.1878501400560224,1.8638620681840834,0.001,0
suffix_2_to_1__fusion_net__seed_42,suffix_2_to_1,fusion_net,42,8,1.8488498219647378,0.22764227642276422,0.15404034738736586,1.8901019583135732,0.001,0
suffix_2_to_1__fusion_net__seed_42,suffix_2_to_1,fusion_net,42,9,1.8441318302678964,0.24390243902439024,0.20150978407557354,1.8439818445778982,0.001,0
suffix_2_to_1__fusion_net__seed_42,suffix_2_to_1,fusion_net,42,10,1.8288766636139506,0.3008130081300813,0.23961376545857144,1.8925891014868832,0.001,0
suffix_2_to_1__fusion_net__seed_42,suffix_2_to_1,fusion_net,42,11,1.8054570673439507,0.2764227642276423,0.23012851011572238,1.8658170412398436,0.001,0
suffix_2_to_1__fusion_net__seed_42,suffix_2_to_1,fusion_net,42,12,1.815385769680901,0.2926829268292683,0.2326921869604796,1.8387715036767032,0.001,0
suffix_2_to_1__fusion_net__seed_42,suffix_2_to_1,fusion_net,42,13,1.780693311069745,0.3089430894308943,0.257186097101158,1.820743437546618,0.001,1
suffix_2_to_1__fusion_net__seed_42,suffix_2_to_1,fusion_net,42,14,1.7682921362020334,0.23577235772357724,0.17620215771757733,1.885486779429999,0.001,0
suffix_2_to_1__fusion_net__seed_42,suffix_2_to_1,fusion_net,42,15,1.784759478996339,0.2926829268292683,0.2348789730247085,1.812248207962292,0.001,0
suffix_2_to_1__fusion_net__seed_42,suffix_2_to_1,fusion_net,42,16,1.7480761363889923,0.34146341463414637,0.2738300482841356,1.7830410736839941,0.001,1
suffix_2_to_1__fusion_net__seed_42,suffix_2_to_1,fusion_net,42,17,1.7856226559811843,0.2682926829268293,0.23925176487676486,1.8020186331268933,0.001,0
suffix_2_to_1__fusion_net__seed_42,suffix_2_to_1,fusion_net,42,18,1.7455129591850544,0.2601626016260163,0.20681243040174258,1.852491176950707,0.001,0
suffix_2_to_1__fusion_net__seed_42,suffix_2_to_1,fusion_net,42,19,1.7243425571748536,0.2926829268292683,0.2433296051153194,1.7962526960791285,0.001,0
suffix_2_to_1__fusion_net__seed_42,suffix_2_to_1,fusion_net,42,20,1.7075057277368673,0.3252032520325203,0.2897847624927421,1.7735158128335644,0.001,1
suffix_2_to_1__fusion_net__seed_42,suffix_2_to_1,fusion_net,42,21,1.6957103824906825,0.2764227642276423,0.22750773935366958,1.8013903718215032,0.001,0
suffix_2_to_1__fusion_net__seed_42,suffix_2_to_1,fusion_net,42,22,1.7176310479519565,0.2926829268292683,0.265526098173157,1.7975648597350027,0.001,0
suffix_2_to_1__fusion_net__seed_42,suffix_2_to_1,fusion_net,42,23,1.7324024062535428,0.3252032520325203,0.27433748990352763,1.7408292239283971,0.001,0
suffix_2_to_1__fusion_net__seed_42,suffix_2_to_1,fusion_net,42,24,1.6951501418034074,0.2764227642276423,0.23046736011399588,1.7844551786550207,0.001,0
suffix_2_to_1__fusion_net__seed_42,suffix_2_to_1,fusion_net,42,25,1.6485495603740095,0.2926829268292683,0.2345358879986103,1.7603661725899005,0.001,0
suffix_2_to_1__fusion_net__seed_42,suffix_2_to_1,fusion_net,42,26,1.6535015018797212,0.3170731707317073,0.2821213757578626,1.7275676702380225,0.001,0
suffix_2_to_1__fusion_net__seed_42,suffix_2_to_1,fusion_net,42,27,1.6334469624303751,0.34959349593495936,0.3138404001104482,1.6826061747621397,0.001,1
suffix_2_to_1__fusion_net__seed_42,suffix_2_to_1,fusion_net,42,28,1.59287826713865,0.3170731707317073,0.2801609383417164,1.8240394849041404,0.001,0
suffix_2_to_1__fusion_net__seed_42,suffix_2_to_1,fusion_net,42,29,1.5285210803667058,0.3983739837398374,0.36499294909052793,1.5223412684089057,0.001,1
suffix_2_to_1__fusion_net__seed_42,suffix_2_to_1,fusion_net,42,30,1.4696535141550597,0.3902439024390244,0.34705988455988457,1.626911675859693,0.001,0
suffix_2_to_1__fusion_net__seed_42,suffix_2_to_1,fusion_net,42,31,1.4735148314788724,0.37398373983739835,0.35762203482791716,1.5391115276001137,0.001,0
suffix_2_to_1__fusion_net__seed_42,suffix_2_to_1,fusion_net,42,32,1.4573365583439224,0.35772357723577236,0.3226785714285715,1.5379285681745545,0.001,0
suffix_2_to_1__fusion_net__seed_42,suffix_2_to_1,fusion_net,42,33,1.4036450592417824,0.3983739837398374,0.36533521303258154,1.467889075574263,0.001,1
suffix_2_to_1__fusion_net__seed_42,suffix_2_to_1,fusion_net,42,34,1.4035798578301175,0.3983739837398374,0.3623039478302636,1.4500269098346212,0.001,0
suffix_2_to_1__fusion_net__seed_42,suffix_2_to_1,fusion_net,42,35,1.3665238206109787,0.36585365853658536,0.3338784348864994,1.5381403632454935,0.001,0
suffix_2_to_1__fusion_net__seed_42,suffix_2_to_1,fusion_net,42,36,1.309306061437805,0.4146341463414634,0.3769387627614764,1.491595580740388,0.001,1
suffix_2_to_1__fusion_net__seed_42,suffix_2_to_1,fusion_net,42,37,1.280337022423987,0.4065040650406504,0.3879293240902212,1.4569480009879572,0.001,1
suffix_2_to_1__fusion_net__seed_42,suffix_2_to_1,fusion_net,42,38,1.2966411375950893,0.3821138211382114,0.3577376960858575,1.5245864970509926,0.0005,0
suffix_2_to_1__fusion_net__seed_42,suffix_2_to_1,fusion_net,42,39,1.2428832345484717,0.4065040650406504,0.3715494905376938,1.524751142476494,0.0005,0
suffix_2_to_1__fusion_net__seed_42,suffix_2_to_1,fusion_net,42,40,1.2064677860489201,0.4065040650406504,0.39062193261001116,1.4499307768906595,0.0005,1
suffix_2_to_1__fusion_net__seed_42,suffix_2_to_1,fusion_net,42,41,1.1804098400710314,0.43089430894308944,0.4044316587506918,1.4435782915725726,0.0005,1
suffix_2_to_1__fusion_net__seed_42,suffix_2_to_1,fusion_net,42,42,1.1783677643039805,0.43902439024390244,0.41310729578392624,1.418266187765756,0.0005,1
suffix_2_to_1__fusion_net__seed_42,suffix_2_to_1,fusion_net,42,43,1.1417478213727839,0.42276422764227645,0.4138688448757679,1.417166371865979,0.0005,1
suffix_2_to_1__fusion_net__seed_42,suffix_2_to_1,fusion_net,42,44,1.1531937467105033,0.43902439024390244,0.41448193720665494,1.488389870024037,0.0005,1
suffix_2_to_1__fusion_net__seed_42,suffix_2_to_1,fusion_net,42,45,1.1359987387589185,0.44715447154471544,0.42458600427350424,1.5399916489298966,0.0005,1
suffix_2_to_1__fusion_net__seed_42,suffix_2_to_1,fusion_net,42,46,1.1297271266245794,0.42276422764227645,0.40015814777327935,1.5391408982177404,0.0005,0
suffix_2_to_1__fusion_net__seed_42,suffix_2_to_1,fusion_net,42,47,1.1574355532584024,0.4634146341463415,0.44758882959313995,1.5189947265245585,0.00025,1
suffix_2_to_1__fusion_net__seed_42,suffix_2_to_1,fusion_net,42,48,1.0765084686201605,0.45528455284552843,0.4359771926011784,1.485337682378929,0.00025,0
suffix_2_to_1__fusion_net__seed_42,suffix_2_to_1,fusion_net,42,49,1.0788047202007347,0.44715447154471544,0.44087680464696594,1.4661594648017353,0.00025,0
suffix_2_to_1__fusion_net__seed_42,suffix_2_to_1,fusion_net,42,50,1.0769359562887437,0.42276422764227645,0.4086144849302744,1.5029773437072107,0.00025,0
suffix_2_to_1__fusion_net__seed_42,suffix_2_to_1,fusion_net,42,51,1.0564749185033826,0.4065040650406504,0.39362925077988953,1.5088877425877634,0.000125,0
suffix_2_to_1__fusion_net__seed_42,suffix_2_to_1,fusion_net,42,52,1.0724959371046234,0.44715447154471544,0.4408723046557429,1.5074248934289043,0.000125,0
suffix_2_to_1__fusion_net__seed_42,suffix_2_to_1,fusion_net,42,53,1.0219145781396606,0.43902439024390244,0.42907744021089006,1.51419222265137,0.000125,0
suffix_2_to_1__fusion_net__seed_42,suffix_2_to_1,fusion_net,42,54,1.0493152282388536,0.43089430894308944,0.4209151312105379,1.5162767908583288,0.000125,0
suffix_2_to_1__fusion_net__seed_42,suffix_2_to_1,fusion_net,42,55,1.01995669338708,0.43089430894308944,0.42199749579575296,1.528485247806785,6.25e-05,0
suffix_2_to_1__spectral_only__seed_2024,suffix_2_to_1,spectral_only,2024,1,2.087943754953668,0.13008130081300814,0.02877697841726619,2.0804151884970272,0.001,1
suffix_2_to_1__spectral_only__seed_2024,suffix_2_to_1,spectral_only,2024,2,2.0845777056124932,0.13008130081300814,0.02877697841726619,2.0801982189436607,0.001,1
suffix_2_to_1__spectral_only__seed_2024,suffix_2_to_1,spectral_only,2024,3,2.084500021944221,0.13008130081300814,0.02877697841726619,2.079731490985031,0.001,1
suffix_2_to_1__spectral_only__seed_2024,suffix_2_to_1,spectral_only,2024,4,2.0835593742168603,0.13008130081300814,0.02877697841726619,2.0796107711674217,0.001,1
suffix_2_to_1__spectral_only__seed_2024,suffix_2_to_1,spectral_only,2024,5,2.084094474369057,0.08943089430894309,0.020522388059701493,2.0814616573936084,0.001,0
suffix_2_to_1__spectral_only__seed_2024,suffix_2_to_1,spectral_only,2024,6,2.0820404434398334,0.13008130081300814,0.02877697841726619,2.0797834589415896,0.001,0
suffix_2_to_1__spectral_only__seed_2024,suffix_2_to_1,spectral_only,2024,7,2.082704845611044,0.13008130081300814,0.02877697841726619,2.078297136611539,0.001,1
suffix_2_to_1__spectral_only__seed_2024,suffix_2_to_1,spectral_only,2024,8,2.082443172722873,0.13008130081300814,0.02877697841726619,2.078305136958348,0.001,0
suffix_2_to_1__spectral_only__seed_2024,suffix_2_to_1,spectral_only,2024,9,2.0827847935274515,0.13008130081300814,0.02877697841726619,2.0791350210068154,0.001,0
suffix_2_to_1__spectral_only__seed_2024,suffix_2_to_1,spectral_only,2024,10,2.083475429997182,0.13008130081300814,0.02877697841726619,2.0803487788635575,0.001,0
suffix_2_to_1__spectral_only__seed_2024,suffix_2_to_1,spectral_only,2024,11,2.081939952193841,0.13008130081300814,0.02877697841726619,2.0798981502046376,0.0005,0
suffix_2_to_1__spectral_only__seed_2024,suffix_2_to_1,spectral_only,2024,12,2.08198858715609,0.13008130081300814,0.02877697841726619,2.078508565910585,0.0005,0
suffix_2_to_1__spectral_only__seed_2024,suffix_2_to_1,spectral_only,2024,13,2.081342572350123,0.13008130081300814,0.02877697841726619,2.079078254558762,0.0005,0
suffix_2_to_1__spectral_only__seed_2024,suffix_2_to_1,spectral_only,2024,14,2.082032106073228,0.13008130081300814,0.02877697841726619,2.0797702453109324,0.0005,0
suffix_2_to_1__spectral_only__seed_2024,suffix_2_to_1,spectral_only,2024,15,2.0809232586512985,0.13008130081300814,0.02877697841726619,2.0785707512144884,0.00025,0
suffix_2_to_1__fusion_net__seed_2024,suffix_2_to_1,fusion_net,2024,1,2.0885450864275215,0.11382113821138211,0.04258373205741627,2.0782796092509126,0.001,1
suffix_2_to_1__fusion_net__seed_2024,suffix_2_to_1,fusion_net,2024,2,2.0596822000084,0.25203252032520324,0.13239789158906806,1.9759590779385627,0.001,1
suffix_2_to_1__fusion_net__seed_2024,suffix_2_to_1,fusion_net,2024,3,1.9545815937873545,0.22764227642276422,0.10898078529657476,1.9012412750557954,0.001,0
suffix_2_to_1__fusion_net__seed_2024,suffix_2_to_1,fusion_net,2024,4,1.9432870389973316,0.2845528455284553,0.16738816738816736,1.8821130375097903,0.001,1
suffix_2_to_1__fusion_net__seed_2024,suffix_2_to_1,fusion_net,2024,5,1.8867468401759317,0.23577235772357724,0.12518698051169155,1.8738858195336305,0.001,0
suffix_2_to_1__fusion_net__seed_2024,suffix_2_to_1,fusion_net,2024,6,1.8809669420821118,0.2601626016260163,0.16161362709098326,1.8582477370773351,0.001,0
suffix_2_to_1__fusion_net__seed_2024,suffix_2_to_1,fusion_net,2024,7,1.847492866263613,0.3008130081300813,0.23030153546790058,1.8329012040624253,0.001,1
suffix_2_to_1__fusion_net__seed_2024,suffix_2_to_1,fusion_net,2024,8,1.8353307528796847,0.2601626016260163,0.19038229477059265,1.8466109914621824,0.001,0
suffix_2_to_1__fusion_net__seed_2024,suffix_2_to_1,fusion_net,2024,9,1.822054890411206,0.3089430894308943,0.24224939224939224,1.8228008735441736,0.001,1
suffix_2_to_1__fusion_net__seed_2024,suffix_2_to_1,fusion_net,2024,10,1.8146815829267327,0.3170731707317073,0.22019478844169246,1.820732702607234,0.001,0
suffix_2_to_1__fusion_net__seed_2024,suffix_2_to_1,fusion_net,2024,11,1.793899949359311,0.3089430894308943,0.2255885278514589,1.8632738891494913,0.001,0
suffix_2_to_1__fusion_net__seed_2024,suffix_2_to_1,fusion_net,2024,12,1.798771847289837,0.2682926829268293,0.1932841615656905,2.1590710282120007,0.001,0
suffix_2_to_1__fusion_net__seed_2024,suffix_2_to_1,fusion_net,2024,13,1.9274388855198008,0.34146341463414637,0.24055345874567843,1.8001845633043556,0.001,0
suffix_2_to_1__fusion_net__seed_2024,suffix_2_to_1,fusion_net,2024,14,1.8077845374338495,0.3252032520325203,0.2439347813359874,1.8176039244569222,0.001,1
suffix_2_to_1__fusion_net__seed_2024,suffix_2_to_1,fusion_net,2024,15,1.7724809447519647,0.3170731707317073,0.24769984917043741,1.7966490657910805,0.001,1
suffix_2_to_1__fusion_net__seed_2024,suffix_2_to_1,fusion_net,2024,16,1.7854187852739074,0.2926829268292683,0.21374269005847957,1.830265561644701,0.001,0
suffix_2_to_1__fusion_net__seed_2024,suffix_2_to_1,fusion_net,2024,17,1.753730884151886,0.34959349593495936,0.28260822510822514,1.8294531376819938,0.001,1
suffix_2_to_1__fusion_net__seed_2024,suffix_2_to_1,fusion_net,2024,18,1.8130393237057625,0.3170731707317073,0.2373076923076923,1.7949981459658457,0.001,0
suffix_2_to_1__fusion_net__seed_2024,suffix_2_to_1,fusion_net,2024,19,1.8157310036680605,0.3333333333333333,0.2284030278778178,1.807661800375971,0.001,0
suffix_2_to_1__fusion_net__seed_2024,suffix_2_to_1,fusion_net,2024,20,1.7506178326130883,0.3333333333333333,0.25070240406599753,1.8299701226522327,0.001,0
suffix_2_to_1__fusion_net__seed_2024,suffix_2_to_1,fusion_net,2024,21,1.7104709167830086,0.35772357723577236,0.2779807371270786,1.7579674472652176,0.001,0
suffix_2_to_1__fusion_net__seed_2024,suffix_2_to_1,fusion_net,2024,22,1.6970648903953567,0.35772357723577236,0.2908659763020069,1.7670917614782105,0.001,1
suffix_2_to_1__fusion_net__seed_2024,suffix_2_to_1,fusion_net,2024,23,1.6860862523620823,0.36585365853658536,0.32175246329341156,1.740526044223308,0.001,1
suffix_2_to_1__fusion_net__seed_2024,suffix_2_to_1,fusion_net,2024,24,1.707107402885033,0.43089430894308944,0.4027363854018266,1.668785723719511,0.001,1
suffix_2_to_1__fusion_net__seed_2024,suffix_2_to_1,fusion_net,2024,25,1.6428759039783671,0.3821138211382114,0.33039887347567887,1.662978152322772,0.001,0
suffix_2_to_1__fusion_net__seed_2024,suffix_2_to_1,fusion_net,2024,26,1.615412028161183,0.3821138211382114,0.35179951690821254,1.6518049528616408,0.001,0
suffix_2_to_1__fusion_net__seed_2024,suffix_2_to_1,fusion_net,2024,27,1.618600184223074,0.4146341463414634,0.3720623600683571,1.5855435246011662,0.001,0
suffix_2_to_1__fusion_net__seed_2024,suffix_2_to_1,fusion_net,2024,28,1.505092778176737,0.3821138211382114,0.3446677645790569,1.525102146788074,0.001,0
suffix_2_to_1__fusion_net__seed_2024,suffix_2_to_1,fusion_net,2024,29,1.5381446610643033,0.35772357723577236,0.3216019562838013,1.4881292547936784,0.001,0
suffix_2_to_1__fusion_net__seed_2024,suffix_2_to_1,fusion_net,2024,30,1.4545142536493523,0.4065040650406504,0.37140567765567767,1.4246799378509474,0.001,0
suffix_2_to_1__fusion_net__seed_2024,suffix_2_to_1,fusion_net,2024,31,1.4396957377552257,0.3902439024390244,0.31628342267644327,1.630918593854386,0.001,0
suffix_2_to_1__fusion_net__seed_2024,suffix_2_to_1,fusion_net,2024,32,1.451583220128372,0.45528455284552843,0.4219693426360635,1.464934744837618,0.001,1
suffix_2_to_1__fusion_net__seed_2024,suffix_2_to_1,fusion_net,2024,33,1.3899658131745098,0.4146341463414634,0.37914696414696414,1.478808416756521,0.001,0
suffix_2_to_1__fusion_net__seed_2024,suffix_2_to_1,fusion_net,2024,34,1.3943223860987335,0.4065040650406504,0.3694119915172547,1.4090471424683333,0.001,0
suffix_2_to_1__fusion_net__seed_2024,suffix_2_to_1,fusion_net,2024,35,1.392572672692433,0.4634146341463415,0.43806101986249046,1.388344512122077,0.001,1
suffix_2_to_1__fusion_net__seed_2024,suffix_2_to_1,fusion_net,2024,36,1.432085908843155,0.3252032520325203,0.32820837941522085,1.579006453643448,0.001,0
suffix_2_to_1__fusion_net__seed_2024,suffix_2_to_1,fusion_net,2024,37,1.4121975452011326,0.4796747967479675,0.46025784378533924,1.3685923727871776,0.001,1
suffix_2_to_1__fusion_net__seed_2024,suffix_2_to_1,fusion_net,2024,38,1.3518481278856513,0.3821138211382114,0.3362831210657298,1.5879415535829886,0.001,0
suffix_2_to_1__fusion_net__seed_2024,suffix_2_to_1,fusion_net,2024,39,1.363870130779787,0.37398373983739835,0.3287906087906088,1.5119193617926638,0.001,0
suffix_2_to_1__fusion_net__seed_2024,suffix_2_to_1,fusion_net,2024,40,1.3528218570406227,0.43089430894308944,0.42350397515031657,1.5104000759608778,0.001,0
suffix_2_to_1__fusion_net__seed_2024,suffix_2_to_1,fusion_net,2024,41,1.3292551560217396,0.4634146341463415,0.43539731997393283,1.358777757974283,0.001,0
suffix_2_to_1__fusion_net__seed_2024,suffix_2_to_1,fusion_net,2024,42,1.2880313767920686,0.43089430894308944,0.4054662274764989,1.403452769230657,0.001,0
suffix_2_to_1__fusion_net__seed_2024,suffix_2_to_1,fusion_net,2024,43,1.267064922453187,0.5365853658536586,0.5250495589650002,1.3649534160159136,0.001,1
suffix_2_to_1__fusion_net__seed_2024,suffix_2_to_1,fusion_net,2024,44,1.2645694838036345,0.44715447154471544,0.4238008344833535,1.4186062078556598,0.001,0
suffix_2_to_1__fusion_net__seed_2024,suffix_2_to_1,fusion_net,2024,45,1.2739001636349743,0.43902439024390244,0.4281527359330563,1.4197198207962733,0.0005,0
suffix_2_to_1__fusion_net__seed_2024,suffix_2_to_1,fusion_net,2024,46,1.2492588998829517,0.45528455284552843,0.4304658913211544,1.4390560450474514,0.0005,0
suffix_2_to_1__fusion_net__seed_2024,suffix_2_to_1,fusion_net,2024,47,1.1894553465173103,0.44715447154471544,0.42132932882172236,1.4221402488687422,0.0005,0
suffix_2_to_1__fusion_net__seed_2024,suffix_2_to_1,fusion_net,2024,48,1.1815902613816582,0.4634146341463415,0.4376350614155492,1.5028866921000665,0.0005,0
suffix_2_to_1__fusion_net__seed_2024,suffix_2_to_1,fusion_net,2024,49,1.2039635373230135,0.4796747967479675,0.47392339114137894,1.5484981381533451,0.00025,0
suffix_2_to_1__fusion_net__seed_2024,suffix_2_to_1,fusion_net,2024,50,1.1696979608652305,0.4634146341463415,0.44848517074323524,1.4063196395882698,0.00025,0
suffix_2_to_1__fusion_net__seed_2024,suffix_2_to_1,fusion_net,2024,51,1.1342782076531661,0.44715447154471544,0.4239192861773507,1.4410673670977172,0.00025,0
suffix_2_to_1__spectral_only__seed_2025,suffix_2_to_1,spectral_only,2025,1,2.0912845620312663,0.13008130081300814,0.02877697841726619,2.0787570830678037,0.001,1
suffix_2_to_1__spectral_only__seed_2025,suffix_2_to_1,spectral_only,2025,2,2.0863283967291992,0.13008130081300814,0.02877697841726619,2.081271212377804,0.001,0
suffix_2_to_1__spectral_only__seed_2025,suffix_2_to_1,spectral_only,2025,3,2.0843375180743617,0.13008130081300814,0.02877697841726619,2.0797445732810953,0.001,0
suffix_2_to_1__spectral_only__seed_2025,suffix_2_to_1,spectral_only,2025,4,2.0834042705489275,0.13008130081300814,0.02877697841726619,2.0794078532760802,0.001,0
suffix_2_to_1__spectral_only__seed_2025,suffix_2_to_1,spectral_only,2025,5,2.0817898460900954,0.13821138211382114,0.04726890756302521,2.079543427432091,0.0005,1
suffix_2_to_1__spectral_only__seed_2025,suffix_2_to_1,spectral_only,2025,6,2.080774252380713,0.13008130081300814,0.02877697841726619,2.078666116306795,0.0005,0
suffix_2_to_1__spectral_only__seed_2025,suffix_2_to_1,spectral_only,2025,7,2.0809475894858056,0.2032520325203252,0.0885989010989011,2.0788038541377345,0.0005,1
suffix_2_to_1__spectral_only__seed_2025,suffix_2_to_1,spectral_only,2025,8,2.0791638703550195,0.08943089430894309,0.020833333333333336,2.079671461990746,0.0005,0
suffix_2_to_1__spectral_only__seed_2025,suffix_2_to_1,spectral_only,2025,9,2.0814405570447807,0.08943089430894309,0.021653543307086614,2.0785946768590384,0.00025,0
suffix_2_to_1__spectral_only__seed_2025,suffix_2_to_1,spectral_only,2025,10,2.0799381218228468,0.08943089430894309,0.021825396825396828,2.0784070030021478,0.00025,0
suffix_2_to_1__spectral_only__seed_2025,suffix_2_to_1,spectral_only,2025,11,2.0785591981075933,0.12195121951219512,0.04927248677248677,2.077307876334302,0.00025,0
suffix_2_to_1__spectral_only__seed_2025,suffix_2_to_1,spectral_only,2025,12,2.078232338375084,0.17886178861788618,0.09692524224543929,2.0756708736570313,0.00025,1
suffix_2_to_1__spectral_only__seed_2025,suffix_2_to_1,spectral_only,2025,13,2.075794819173405,0.12195121951219512,0.05,2.074761254693412,0.00025,0
suffix_2_to_1__spectral_only__seed_2025,suffix_2_to_1,spectral_only,2025,14,2.072134382613079,0.15447154471544716,0.09037698412698411,2.06885976978837,0.00025,0
suffix_2_to_1__spectral_only__seed_2025,suffix_2_to_1,spectral_only,2025,15,2.0689472923939194,0.13821138211382114,0.048642533936651584,2.056537507459116,0.00025,0
suffix_2_to_1__spectral_only__seed_2025,suffix_2_to_1,spectral_only,2025,16,2.0624249588447774,0.08943089430894309,0.023706896551724137,2.0578874846973023,0.00025,0
suffix_2_to_1__spectral_only__seed_2025,suffix_2_to_1,spectral_only,2025,17,2.036567182987625,0.13821138211382114,0.08934019832189166,2.038822031156391,0.00025,0
suffix_2_to_1__spectral_only__seed_2025,suffix_2_to_1,spectral_only,2025,18,2.0123631085009293,0.25203252032520324,0.1446110056925996,1.9677312474674704,0.00025,1
suffix_2_to_1__spectral_only__seed_2025,suffix_2_to_1,spectral_only,2025,19,1.946610975653965,0.1951219512195122,0.09329140461215932,1.9230112201254752,0.00025,0
suffix_2_to_1__spectral_only__seed_2025,suffix_2_to_1,spectral_only,2025,20,1.8859435472857442,0.23577235772357724,0.1194047619047619,1.8181761685197262,0.00025,0
suffix_2_to_1__spectral_only__seed_2025,suffix_2_to_1,spectral_only,2025,21,1.8776536131099382,0.21951219512195122,0.12850949115484,1.8275408533599147,0.00025,0
suffix_2_to_1__spectral_only__seed_2025,suffix_2_to_1,spectral_only,2025,22,1.8349421505044288,0.24390243902439024,0.16389192886456908,1.777630767234336,0.00025,1
suffix_2_to_1__spectral_only__seed_2025,suffix_2_to_1,spectral_only,2025,23,1.8213864722708335,0.2601626016260163,0.1922770386794777,1.7623474011745828,0.00025,1
suffix_2_to_1__spectral_only__seed_2025,suffix_2_to_1,spectral_only,2025,24,1.8032630252255442,0.2845528455284553,0.21804473304473304,1.7370923865362844,0.00025,1
suffix_2_to_1__spectral_only__seed_2025,suffix_2_to_1,spectral_only,2025,25,1.764666536432177,0.2682926829268293,0.18238878143133463,1.6806124867288996,0.00025,0
suffix_2_to_1__spectral_only__seed_2025,suffix_2_to_1,spectral_only,2025,26,1.7514814342355047,0.2926829268292683,0.20061827463927612,1.662791661730747,0.00025,0
suffix_2_to_1__spectral_only__seed_2025,suffix_2_to_1,spectral_only,2025,27,1.7310812201373689,0.2601626016260163,0.19709191456903127,1.6511615212533628,0.00025,0
suffix_2_to_1__spectral_only__seed_2025,suffix_2_to_1,spectral_only,2025,28,1.7450152436487543,0.2682926829268293,0.20295264450705014,1.665960924138883,0.00025,0
suffix_2_to_1__spectral_only__seed_2025,suffix_2_to_1,spectral_only,2025,29,1.7508329857148366,0.3008130081300813,0.21720033117364473,1.6588204972171863,0.00025,0
suffix_2_to_1__spectral_only__seed_2025,suffix_2_to_1,spectral_only,2025,30,1.743007561097077,0.2601626016260163,0.19699301135573927,1.6485799895621633,0.00025,0
suffix_2_to_1__spectral_only__seed_2025,suffix_2_to_1,spectral_only,2025,31,1.7168299933315052,0.3333333333333333,0.26680125430125434,1.626655974585712,0.00025,1
suffix_2_to_1__spectral_only__seed_2025,suffix_2_to_1,spectral_only,2025,32,1.7203334514089612,0.2764227642276423,0.21374611987966025,1.613775732460726,0.00025,0
suffix_2_to_1__spectral_only__seed_2025,suffix_2_to_1,spectral_only,2025,33,1.7050613997667239,0.25203252032520324,0.18704702616832686,1.6218499084760014,0.00025,0
suffix_2_to_1__spectral_only__seed_2025,suffix_2_to_1,spectral_only,2025,34,1.692492039286192,0.34146341463414637,0.2394927500099725,1.5762475939299512,0.00025,0
suffix_2_to_1__spectral_only__seed_2025,suffix_2_to_1,spectral_only,2025,35,1.6933779774761006,0.3252032520325203,0.22888417917287202,1.5854945187112206,0.00025,0
suffix_2_to_1__spectral_only__seed_2025,suffix_2_to_1,spectral_only,2025,36,1.6720421321523165,0.3983739837398374,0.33983730408149015,1.5672838787992915,0.00025,1
suffix_2_to_1__spectral_only__seed_2025,suffix_2_to_1,spectral_only,2025,37,1.6521087629974738,0.3170731707317073,0.24888785144460823,1.5650858380767645,0.00025,0
suffix_2_to_1__spectral_only__seed_2025,suffix_2_to_1,spectral_only,2025,38,1.6702336514797327,0.4065040650406504,0.33559022861150445,1.5710268808382228,0.00025,0
suffix_2_to_1__spectral_only__seed_2025,suffix_2_to_1,spectral_only,2025,39,1.6473786323473556,0.34146341463414637,0.25997657062351676,1.5609619954206497,0.00025,0
suffix_2_to_1__spectral_only__seed_2025,suffix_2_to_1,spectral_only,2025,40,1.6783643288427845,0.2682926829268293,0.20644654656282563,1.5494295158229467,0.00025,0
suffix_2_to_1__spectral_only__seed_2025,suffix_2_to_1,spectral_only,2025,41,1.6497019827972847,0.35772357723577236,0.2941745036572623,1.569287105535122,0.00025,0
suffix_2_to_1__spectral_only__seed_2025,suffix_2_to_1,spectral_only,2025,42,1.6447204718036224,0.3170731707317073,0.2500434194279912,1.5213575828261254,0.00025,0
suffix_2_to_1__spectral_only__seed_2025,suffix_2_to_1,spectral_only,2025,43,1.631665976130064,0.3008130081300813,0.2351631334972869,1.5090322784658359,0.00025,0
suffix_2_to_1__spectral_only__seed_2025,suffix_2_to_1,spectral_only,2025,44,1.6186935246112149,0.35772357723577236,0.2838326335055986,1.4990564979947956,0.00025,0
suffix_2_to_1__fusion_net__seed_2025,suffix_2_to_1,fusion_net,2025,1,2.0922634183996323,0.08943089430894309,0.020522388059701493,2.083374705003411,0.001,1
suffix_2_to_1__fusion_net__seed_2025,suffix_2_to_1,fusion_net,2025,2,2.0816320071637993,0.16260162601626016,0.0818452380952381,2.0662432974799514,0.001,1
suffix_2_to_1__fusion_net__seed_2025,suffix_2_to_1,fusion_net,2025,3,2.0166721817432256,0.21951219512195122,0.1113235675395385,1.979700016313107,0.001,1
suffix_2_to_1__fusion_net__seed_2025,suffix_2_to_1,fusion_net,2025,4,1.9422111632624857,0.24390243902439024,0.15842352610969632,1.9149946793897086,0.001,1
suffix_2_to_1__fusion_net__seed_2025,suffix_2_to_1,fusion_net,2025,5,1.9035408700799261,0.2682926829268293,0.19461805555555556,1.8951438354450216,0.001,1
suffix_2_to_1__fusion_net__seed_2025,suffix_2_to_1,fusion_net,2025,6,1.87823015803475,0.22764227642276422,0.17149708143773798,1.962073312353191,0.001,0
suffix_2_to_1__fusion_net__seed_2025,suffix_2_to_1,fusion_net,2025,7,1.8808383155014752,0.21138211382113822,0.15233897322369808,1.9552342466553896,0.001,0
suffix_2_to_1__fusion_net__seed_2025,suffix_2_to_1,fusion_net,2025,8,1.8485319747944229,0.2764227642276423,0.22450956937799046,1.8536000276367277,0.001,1
suffix_2_to_1__fusion_net__seed_2025,suffix_2_to_1,fusion_net,2025,9,1.8262933747588739,0.2764227642276423,0.22551423731547954,1.8600873147535353,0.001,1
suffix_2_to_1__fusion_net__seed_2025,suffix_2_to_1,fusion_net,2025,10,1.795513732370194,0.2601626016260163,0.20697643190323736,1.860179279583913,0.001,0
suffix_2_to_1__fusion_net__seed_2025,suffix_2_to_1,fusion_net,2025,11,1.8006037029375126,0.2845528455284553,0.2190155820782419,1.883683802420901,0.001,0
suffix_2_to_1__fusion_net__seed_2025,suffix_2_to_1,fusion_net,2025,12,1.815299672653136,0.2601626016260163,0.21210164170591853,1.8629825343808186,0.0005,0
suffix_2_to_1__fusion_net__seed_2025,suffix_2_to_1,fusion_net,2025,13,1.7892684081906942,0.2764227642276423,0.21511544011544012,1.851924427380323,0.0005,0
suffix_2_to_1__fusion_net__seed_2025,suffix_2_to_1,fusion_net,2025,14,1.773056530903896,0.3008130081300813,0.2532621235628755,1.8623003117258439,0.0005,1
suffix_2_to_1__fusion_net__seed_2025,suffix_2_to_1,fusion_net,2025,15,1.756226965948909,0.2845528455284553,0.2331235944527736,1.8474680231492864,0.0005,0
suffix_2_to_1__fusion_net__seed_2025,suffix_2_to_1,fusion_net,2025,16,1.7449689414010756,0.2764227642276423,0.2366119019300597,1.8567793267630934,0.0005,0
suffix_2_to_1__fusion_net__seed_2025,suffix_2_to_1,fusion_net,2025,17,1.740076621049776,0.3170731707317073,0.2707420320225198,1.832784276484649,0.0005,1
suffix_2_to_1__fusion_net__seed_2025,suffix_2_to_1,fusion_net,2025,18,1.7400810181973179,0.3089430894308943,0.2711100081187072,1.818624486264419,0.0005,1
suffix_2_to_1__fusion_net__seed_2025,suffix_2_to_1,fusion_net,2025,19,1.720872637696276,0.3008130081300813,0.26706706947112957,1.844910330565031,0.0005,0
suffix_2_to_1__fusion_net__seed_2025,suffix_2_to_1,fusion_net,2025,20,1.7198691195722995,0.2845528455284553,0.2349848122840573,1.8446876254224613,0.0005,0
suffix_2_to_1__fusion_net__seed_2025,suffix_2_to_1,fusion_net,2025,21,1.7319639455033902,0.3089430894308943,0.25756988595732483,1.8310943835484093,0.0005,0
suffix_2_to_1__fusion_net__seed_2025,suffix_2_to_1,fusion_net,2025,22,1.6977014250279443,0.3008130081300813,0.2616317654552949,1.8057166854774789,0.0005,0
suffix_2_to_1__fusion_net__seed_2025,suffix_2_to_1,fusion_net,2025,23,1.6750650614682137,0.3089430894308943,0.24958152285738489,1.7978680485566136,0.0005,0
suffix_2_to_1__fusion_net__seed_2025,suffix_2_to_1,fusion_net,2025,24,1.6784626745643538,0.34146341463414637,0.2985810789994979,1.8232309783054985,0.0005,1
suffix_2_to_1__fusion_net__seed_2025,suffix_2_to_1,fusion_net,2025,25,1.6550210134075032,0.34146341463414637,0.30157287529578547,1.7458081506550847,0.0005,1
suffix_2_to_1__fusion_net__seed_2025,suffix_2_to_1,fusion_net,2025,26,1.6200586326738968,0.3170731707317073,0.2699767954545922,1.788045429645185,0.0005,0
suffix_2_to_1__fusion_net__seed_2025,suffix_2_to_1,fusion_net,2025,27,1.6292355582573264,0.3170731707317073,0.27561226071456246,1.783107180220134,0.0005,0
suffix_2_to_1__fusion_net__seed_2025,suffix_2_to_1,fusion_net,2025,28,1.5711633343317843,0.4065040650406504,0.35618895384240656,1.7432243380516292,0.0005,1
suffix_2_to_1__fusion_net__seed_2025,suffix_2_to_1,fusion_net,2025,29,1.5644348905916854,0.4065040650406504,0.37057858932858934,1.6663981216387938,0.0005,1
suffix_2_to_1__fusion_net__seed_2025,suffix_2_to_1,fusion_net,2025,30,1.5135738400480654,0.42276422764227645,0.399599842354493,1.6133684222556623,0.0005,1
suffix_2_to_1__fusion_net__seed_2025,suffix_2_to_1,fusion_net,2025,31,1.4297217351598799,0.44715447154471544,0.4214774596638014,1.5588052335765112,0.0005,1
suffix_2_to_1__fusion_net__seed_2025,suffix_2_to_1,fusion_net,2025,32,1.3950620374951488,0.45528455284552843,0.4239019660894661,1.4554965751770153,0.0005,1
suffix_2_to_1__fusion_net__seed_2025,suffix_2_to_1,fusion_net,2025,33,1.3710447290035954,0.4959349593495935,0.469796614297893,1.4731745324566146,0.0005,1
suffix_2_to_1__fusion_net__seed_2025,suffix_2_to_1,fusion_net,2025,34,1.3726177669591184,0.4146341463414634,0.3950073348304839,1.5155211501701926,0.0005,0
suffix_2_to_1__fusion_net__seed_2025,suffix_2_to_1,fusion_net,2025,35,1.3131314965226744,0.4878048780487805,0.49196633179765986,1.4109337415353105,0.0005,1
suffix_2_to_1__fusion_net__seed_2025,suffix_2_to_1,fusion_net,2025,36,1.2674239912732312,0.4959349593495935,0.4837839125444595,1.4141210159047244,0.0005,0
suffix_2_to_1__fusion_net__seed_2025,suffix_2_to_1,fusion_net,2025,37,1.3447999308405485,0.4715447154471545,0.44321370809799987,1.4518345069065033,0.0005,0
suffix_2_to_1__fusion_net__seed_2025,suffix_2_to_1,fusion_net,2025,38,1.3211651433509624,0.4634146341463415,0.44126148242001906,1.4709170609649322,0.0005,0
suffix_2_to_1__fusion_net__seed_2025,suffix_2_to_1,fusion_net,2025,39,1.267913003196056,0.44715447154471544,0.4349002849002849,1.3885726401516063,0.0005,0
suffix_2_to_1__fusion_net__seed_2025,suffix_2_to_1,fusion_net,2025,40,1.2222360557062806,0.4634146341463415,0.4462545363979221,1.3608793520637057,0.0005,0
suffix_2_to_1__fusion_net__seed_2025,suffix_2_to_1,fusion_net,2025,41,1.1869801047377577,0.4959349593495935,0.4804553745906614,1.4061407079089314,0.0005,0
suffix_2_to_1__fusion_net__seed_2025,suffix_2_to_1,fusion_net,2025,42,1.2191361407398449,0.4796747967479675,0.47221376662553133,1.3165147927037875,0.0005,0
suffix_2_to_1__fusion_net__seed_2025,suffix_2_to_1,fusion_net,2025,43,1.1531842558544183,0.4796747967479675,0.46927223948393304,1.3267135026217003,0.0005,0
